sample,condition,gene,normalized_counts
ana1,ana,C1orf158,11.8845223231993
ana1,ana,RCAN3AS,7.92301488213283
ana1,ana,ZSCAN20,14.5255272839102
ana1,ana,POU3F1,2.64100496071094
ana1,ana,FAM183A,487.265415251169
ana1,ana,TCTEX1D4,91.1146711445276
ana1,ana,AL358075.2,5.28200992142189
ana1,ana,C1orf87,30.3715570481759
ana1,ana,TCTEX1D1,92.4351736248831
ana1,ana,C1orf141,34.3330644892423
ana1,ana,C1orf194,760.609428684752
ana1,ana,PIFO,554.611041749298
ana1,ana,TSPAN2,17.1665322446211
ana1,ana,LINC01765,19.8075372053321
ana1,ana,RIIAD1,126.768238114125
ana1,ana,C1orf189,33.0125620088868
ana1,ana,AL451085.1,10.5640198428438
ana1,ana,PPOX,35.6535669695978
ana1,ana,CFAP126,199.395874533676
ana1,ana,HSPA6,336.728132490645
ana1,ana,ANKRD45,25.089547126754
ana1,ana,APOBEC4,10.5640198428438
ana1,ana,NIBAN1,558.572549190365
ana1,ana,LINC00467,44.8970843320861
ana1,ana,NEK2,1.32050248035547
ana1,ana,AC096637.2,13.2050248035547
ana1,ana,SPATA17,108.281203389149
ana1,ana,CNIH3,11.8845223231993
ana1,ana,ACBD3-AS1,88.4736661838166
ana1,ana,PTRHD1,95.076178585594
ana1,ana,FAM166C,7.92301488213283
ana1,ana,CCDC121,29.0510545678204
ana1,ana,CYP1B1,14.5255272839102
ana1,ana,C2orf73,60.7431140963517
ana1,ana,WDR54,213.921401817587
ana1,ana,DNAH6,126.768238114125
ana1,ana,TEKT4,30.3715570481759
ana1,ana,ECRG4,124.127233153414
ana1,ana,NPHP1,192.793362131899
ana1,ana,AC104653.1,6.60251240177736
ana1,ana,NEB,19.8075372053321
ana1,ana,AC013264.1,149.216780280168
ana1,ana,AC006994.2,13.2050248035547
ana1,ana,CATIP,34.3330644892423
ana1,ana,LINC02832,9.24351736248831
ana1,ana,HDAC4-AS1,13.2050248035547
ana1,ana,SRGAP3-AS2,52.8200992142189
ana1,ana,NDUFAF3,208.639391896165
ana1,ana,DNAH12,213.921401817587
ana1,ana,SNTN,311.638585363891
ana1,ana,AC079848.2,2.64100496071094
ana1,ana,CFAP100,36.9740694499532
ana1,ana,DZIP1L,63.3841190570627
ana1,ana,ERICH6-AS1,21.1280396856876
ana1,ana,WDR49,64.7046215374181
ana1,ana,LRRC34,66.0251240177736
ana1,ana,LINC01014,18.4870347249766
ana1,ana,HES1,285.228535756782
ana1,ana,LINC02265,11.8845223231993
ana1,ana,CFAP299,42.2560793713751
ana1,ana,AC098487.1,7.92301488213283
ana1,ana,NUDT6,6.60251240177736
ana1,ana,LINC01091,2.64100496071094
ana1,ana,PLK4,1.32050248035547
ana1,ana,SPATA4,26.4100496071094
ana1,ana,TRIP13,33.0125620088868
ana1,ana,CAPSL,270.703008472872
ana1,ana,CDC20B,7.92301488213283
ana1,ana,PART1,9.24351736248831
ana1,ana,CENPK,9.24351736248831
ana1,ana,FAM169A,52.8200992142189
ana1,ana,ZNF474,35.6535669695978
ana1,ana,AC010255.3,6.60251240177736
ana1,ana,NME5,150.537282760524
ana1,ana,C6orf52,38.2945719303087
ana1,ana,AL022068.1,30.3715570481759
ana1,ana,LINC00240,39.6150744106642
ana1,ana,ZSCAN16-AS1,34.3330644892423
ana1,ana,HCG14,1.32050248035547
ana1,ana,HSPA1A,1921.33110891721
ana1,ana,C6orf226,31.6920595285313
ana1,ana,RSPH9,212.600899337231
ana1,ana,SPATS1,15.8460297642657
ana1,ana,GSTA1,680.058777383068
ana1,ana,IRAK1BP1,27.7305520874649
ana1,ana,BACH2,43.5765818517306
ana1,ana,FAM229B,364.45868457811
ana1,ana,LINC00326,3.96150744106642
ana1,ana,ADGB,36.9740694499532
ana1,ana,AL355312.4,1.32050248035547
ana1,ana,DYNLT1,1253.15685385734
ana1,ana,AC013470.2,11.8845223231993
ana1,ana,PCLO,240.331451424696
ana1,ana,AC002451.1,1.32050248035547
ana1,ana,AC105446.1,13.2050248035547
ana1,ana,EFCAB10,109.601705869504
ana1,ana,IQUB,92.4351736248831
ana1,ana,AC006333.2,18.4870347249766
ana1,ana,PIP,101.678690987371
ana1,ana,RARRES2,64.7046215374181
ana1,ana,PPP1R42,50.1790942535079
ana1,ana,AP001207.3,9.24351736248831
ana1,ana,BAALC,21.1280396856876
ana1,ana,C9orf24,697.225309627689
ana1,ana,FAM166B,38.2945719303087
ana1,ana,SPAG8,27.7305520874649
ana1,ana,AL353770.4,10.5640198428438
ana1,ana,C9orf135,340.689639931712
ana1,ana,PSAT1,611.392648404584
ana1,ana,MORN5,249.574968787184
ana1,ana,SPACA9,93.7556761052385
ana1,ana,C9orf116,472.739887967259
ana1,ana,SFTA1P,47.538089292797
ana1,ana,VIM-AS1,6.60251240177736
ana1,ana,SLC16A9,198.075372053321
ana1,ana,MRLN,15.8460297642657
ana1,ana,ANK3-DT,3.96150744106642
ana1,ana,CDK1,2.64100496071094
ana1,ana,CABCOCO1,79.2301488213283
ana1,ana,DYDC2,129.409243074836
ana1,ana,ANKRD22,87.1531637034612
ana1,ana,INA,176.947332367633
ana1,ana,CASC2,26.4100496071094
ana1,ana,CDKN1C,92.4351736248831
ana1,ana,C11orf16,13.2050248035547
ana1,ana,C11orf74,138.652760437325
ana1,ana,MAJIN,5.28200992142189
ana1,ana,CNIH2,10.5640198428438
ana1,ana,KLHL35,17.1665322446211
ana1,ana,CCDC81,5.28200992142189
ana1,ana,DEUP1,10.5640198428438
ana1,ana,C11orf97,147.896277799813
ana1,ana,CFAP300,184.870347249766
ana1,ana,AP003307.1,3.96150744106642
ana1,ana,AP002008.4,6.60251240177736
ana1,ana,C11orf88,236.36994398363
ana1,ana,PIH1D2,56.7816066552853
ana1,ana,CCDC153,176.947332367633
ana1,ana,SPA17,367.099689538821
ana1,ana,TP53AIP1,9.24351736248831
ana1,ana,MIR200CHG,38.2945719303087
ana1,ana,ST8SIA1,7.92301488213283
ana1,ana,AC023157.3,27.7305520874649
ana1,ana,PRICKLE1,40.9355768910196
ana1,ana,AC008035.1,3.96150744106642
ana1,ana,CCDC65,69.98663145884
ana1,ana,GIHCG,69.98663145884
ana1,ana,TSPAN19,106.960700908793
ana1,ana,CFAP73,120.165725712348
ana1,ana,TEX26,59.4226116159963
ana1,ana,KCNRG,13.2050248035547
ana1,ana,LMO7-AS1,5.28200992142189
ana1,ana,AL096870.8,2.64100496071094
ana1,ana,LINC02300,13.2050248035547
ana1,ana,AL136038.5,14.5255272839102
ana1,ana,PPP1R36,10.5640198428438
ana1,ana,ACYP1,105.640198428438
ana1,ana,FOS,287.869540717493
ana1,ana,AL357093.2,330.125620088868
ana1,ana,CRIP1,987.735855305893
ana1,ana,LINC02345,19.8075372053321
ana1,ana,DNAAF4,192.793362131899
ana1,ana,MNS1,188.831854690833
ana1,ana,AC027237.3,14.5255272839102
ana1,ana,AC023300.2,29.0510545678204
ana1,ana,CFAP161,17.1665322446211
ana1,ana,WDR93,17.1665322446211
ana1,ana,NHLRC4,15.8460297642657
ana1,ana,AC108134.4,44.8970843320861
ana1,ana,SMIM22,561.213554151076
ana1,ana,AC099518.4,10.5640198428438
ana1,ana,LINC01571,13.2050248035547
ana1,ana,AC007906.2,245.613461346118
ana1,ana,DYNLRB2,250.89547126754
ana1,ana,PLCG2,1476.32177303742
ana1,ana,FAM92B,229.767431581852
ana1,ana,LINC02166,42.2560793713751
ana1,ana,TEKT1,143.934770358747
ana1,ana,LRRC75A,27.7305520874649
ana1,ana,DRC3,62.0636165767072
ana1,ana,B9D1,72.627636419551
ana1,ana,AC087393.2,18.4870347249766
ana1,ana,LYRM9,15.8460297642657
ana1,ana,OMG,184.870347249766
ana1,ana,CCL15,68.6661289784846
ana1,ana,CAVIN1,120.165725712348
ana1,ana,NGFR,138.652760437325
ana1,ana,AC015813.8,3.96150744106642
ana1,ana,LPO,11.8845223231993
ana1,ana,SMIM5,23.7690446463985
ana1,ana,MTCL1,48.8585917731525
ana1,ana,DSC3,75.2686413802619
ana1,ana,DSG3,56.7816066552853
ana1,ana,PARD6G-AS1,39.6150744106642
ana1,ana,AC005523.1,1.32050248035547
ana1,ana,PEX11G,5.28200992142189
ana1,ana,FBXW9,66.0251240177736
ana1,ana,MISP3,44.8970843320861
ana1,ana,CRLF1,7.92301488213283
ana1,ana,IL4I1,21.1280396856876
ana1,ana,AC010624.1,1.32050248035547
ana1,ana,AC010624.5,1.32050248035547
ana1,ana,TMEM238,10.5640198428438
ana1,ana,AL121899.1,30.3715570481759
ana1,ana,SPEF1,55.4611041749298
ana1,ana,RALY-AS1,5.28200992142189
ana1,ana,WFDC6,2.64100496071094
ana1,ana,EPPIN,10.5640198428438
ana1,ana,C20orf85,838.519075025725
ana1,ana,LKAAEAR1,14.5255272839102
ana1,ana,FAM3B,3.96150744106642
ana1,ana,UMODL1-AS1,2.64100496071094
ana1,ana,RSPH14,14.5255272839102
ana1,ana,Z95115.1,7.92301488213283
ana1,ana,AC004832.1,17.1665322446211
ana1,ana,RIBC2,52.8200992142189
ana1,ana,LINC01589,10.5640198428438
ana1,ana,SYCE3,1.32050248035547
ana1,ana,FAM104B,72.627636419551
ana1,ana,SLC16A2,85.8326612231057
ana1,ana,PIH1D3,51.4995967338634
ana1,ana,AKAP14,154.49879020159
ana1,ana,AC244090.1,83.1916562623948
ana2,ana,C1orf158,15.8991664463483
ana2,ana,RCAN3AS,7.48196068063451
ana2,ana,ZSCAN20,19.6401467866656
ana2,ana,POU3F1,5.61147051047588
ana2,ana,FAM183A,386.256220137757
ana2,ana,TCTEX1D4,101.006469188566
ana2,ana,AL358075.2,5.61147051047588
ana2,ana,C1orf87,19.6401467866656
ana2,ana,TCTEX1D1,68.2728912107899
ana2,ana,C1orf141,31.7983328926967
ana2,ana,C1orf194,682.728912107899
ana2,ana,PIFO,575.175727323778
ana2,ana,TSPAN2,9.35245085079314
ana2,ana,LINC01765,14.963921361269
ana2,ana,RIIAD1,84.1720576571382
ana2,ana,C1orf189,31.7983328926967
ana2,ana,AL451085.1,13.0934311911104
ana2,ana,PPOX,49.5679895092036
ana2,ana,CFAP126,166.473625144118
ana2,ana,HSPA6,346.975926564425
ana2,ana,ANKRD45,35.5393132330139
ana2,ana,APOBEC4,6.5467155955552
ana2,ana,NIBAN1,439.565189987277
ana2,ana,LINC00467,52.3737247644416
ana2,ana,NEK2,5.61147051047588
ana2,ana,AC096637.2,14.0286762761897
ana2,ana,SPATA17,96.3302437631693
ana2,ana,CNIH3,20.5753918717449
ana2,ana,ACBD3-AS1,52.3737247644416
ana2,ana,PTRHD1,80.431077316821
ana2,ana,FAM166C,8.41720576571382
ana2,ana,CCDC121,18.7049017015863
ana2,ana,CYP1B1,10.2876959358724
ana2,ana,C2orf73,55.1794600196795
ana2,ana,WDR54,164.603134973959
ana2,ana,DNAH6,134.675292251421
ana2,ana,TEKT4,30.8630878076173
ana2,ana,ECRG4,150.57445869777
ana2,ana,NPHP1,147.768723442532
ana2,ana,AC104653.1,3.74098034031725
ana2,ana,NEB,15.8991664463483
ana2,ana,AC013264.1,102.876959358724
ana2,ana,AC006994.2,21.5106369568242
ana2,ana,CATIP,34.6040681479346
ana2,ana,LINC02832,4.67622542539657
ana2,ana,HDAC4-AS1,5.61147051047588
ana2,ana,SRGAP3-AS2,57.9851952749174
ana2,ana,NDUFAF3,195.466222781577
ana2,ana,DNAH12,187.049017015863
ana2,ana,SNTN,283.379260779032
ana2,ana,AC079848.2,0.935245085079314
ana2,ana,CFAP100,36.4745583180932
ana2,ana,DZIP1L,37.4098034031725
ana2,ana,ERICH6-AS1,25.2516172971415
ana2,ana,WDR49,54.2442149346002
ana2,ana,LRRC34,43.9565189987277
ana2,ana,LINC01014,15.8991664463483
ana2,ana,HES1,223.523575333956
ana2,ana,LINC02265,12.1581861060311
ana2,ana,CFAP299,37.4098034031725
ana2,ana,AC098487.1,6.5467155955552
ana2,ana,NUDT6,13.0934311911104
ana2,ana,LINC01091,0.935245085079314
ana2,ana,PLK4,2.80573525523794
ana2,ana,SPATA4,27.1221074673001
ana2,ana,TRIP13,17.769656616507
ana2,ana,CAPSL,233.811271269828
ana2,ana,CDC20B,11.2229410209518
ana2,ana,PART1,3.74098034031725
ana2,ana,CENPK,20.5753918717449
ana2,ana,FAM169A,52.3737247644416
ana2,ana,ZNF474,22.4458820419035
ana2,ana,AC010255.3,3.74098034031725
ana2,ana,NME5,136.54578242158
ana2,ana,C6orf52,35.5393132330139
ana2,ana,AL022068.1,21.5106369568242
ana2,ana,LINC00240,24.3163722120622
ana2,ana,ZSCAN16-AS1,25.2516172971415
ana2,ana,HCG14,3.74098034031725
ana2,ana,HSPA1A,2643.00261043414
ana2,ana,C6orf226,29.927842722538
ana2,ana,RSPH9,231.00553601459
ana2,ana,SPATS1,7.48196068063451
ana2,ana,GSTA1,601.362589705999
ana2,ana,IRAK1BP1,25.2516172971415
ana2,ana,BACH2,29.927842722538
ana2,ana,FAM229B,295.537446885063
ana2,ana,LINC00326,5.61147051047588
ana2,ana,ADGB,69.2081362958692
ana2,ana,AL355312.4,3.74098034031725
ana2,ana,DYNLT1,1070.85562241581
ana2,ana,AC013470.2,11.2229410209518
ana2,ana,PCLO,198.271958036814
ana2,ana,AC002451.1,1.87049017015863
ana2,ana,AC105446.1,17.769656616507
ana2,ana,EFCAB10,105.682694613962
ana2,ana,IQUB,89.7835281676141
ana2,ana,AC006333.2,16.8344115314276
ana2,ana,PIP,111.294165124438
ana2,ana,RARRES2,85.1073027422175
ana2,ana,PPP1R42,52.3737247644416
ana2,ana,AP001207.3,14.963921361269
ana2,ana,BAALC,19.6401467866656
ana2,ana,C9orf24,635.966657853933
ana2,ana,FAM166B,43.0212739136484
ana2,ana,SPAG8,47.697499339045
ana2,ana,AL353770.4,4.67622542539657
ana2,ana,C9orf135,315.177593671729
ana2,ana,PSAT1,494.744650006957
ana2,ana,MORN5,260.933378737129
ana2,ana,SPACA9,97.2654888482486
ana2,ana,C9orf116,421.79553337077
ana2,ana,SFTA1P,26.1868623822208
ana2,ana,VIM-AS1,6.5467155955552
ana2,ana,SLC16A9,164.603134973959
ana2,ana,MRLN,14.963921361269
ana2,ana,ANK3-DT,2.80573525523794
ana2,ana,CDK1,6.5467155955552
ana2,ana,CABCOCO1,65.467155955552
ana2,ana,DYDC2,131.869556996183
ana2,ana,ANKRD22,79.4958322317417
ana2,ana,INA,78.5605871466623
ana2,ana,CASC2,28.0573525523794
ana2,ana,CDKN1C,68.2728912107899
ana2,ana,C11orf16,21.5106369568242
ana2,ana,C11orf74,111.294165124438
ana2,ana,MAJIN,3.74098034031725
ana2,ana,CNIH2,12.1581861060311
ana2,ana,KLHL35,8.41720576571382
ana2,ana,CCDC81,3.74098034031725
ana2,ana,DEUP1,13.0934311911104
ana2,ana,C11orf97,114.099900379676
ana2,ana,CFAP300,140.286762761897
ana2,ana,AP003307.1,4.67622542539657
ana2,ana,AP002008.4,5.61147051047588
ana2,ana,C11orf88,300.21367231046
ana2,ana,PIH1D2,62.661420700314
ana2,ana,CCDC153,146.833478357452
ana2,ana,SPA17,303.954652650777
ana2,ana,TP53AIP1,14.963921361269
ana2,ana,MIR200CHG,25.2516172971415
ana2,ana,ST8SIA1,9.35245085079314
ana2,ana,AC023157.3,14.963921361269
ana2,ana,PRICKLE1,29.927842722538
ana2,ana,AC008035.1,5.61147051047588
ana2,ana,CCDC65,62.661420700314
ana2,ana,GIHCG,43.9565189987277
ana2,ana,TSPAN19,118.776125805073
ana2,ana,CFAP73,120.646615975231
ana2,ana,TEX26,50.5032345942829
ana2,ana,KCNRG,7.48196068063451
ana2,ana,LMO7-AS1,9.35245085079314
ana2,ana,AL096870.8,1.87049017015863
ana2,ana,LINC02300,14.0286762761897
ana2,ana,AL136038.5,14.0286762761897
ana2,ana,PPP1R36,12.1581861060311
ana2,ana,ACYP1,101.006469188566
ana2,ana,FOS,233.811271269828
ana2,ana,AL357093.2,248.775192631097
ana2,ana,CRIP1,1093.30150445772
ana2,ana,LINC02345,13.0934311911104
ana2,ana,DNAAF4,167.408870229197
ana2,ana,MNS1,180.502301420308
ana2,ana,AC027237.3,14.0286762761897
ana2,ana,AC023300.2,15.8991664463483
ana2,ana,CFAP161,15.8991664463483
ana2,ana,WDR93,6.5467155955552
ana2,ana,NHLRC4,15.8991664463483
ana2,ana,AC108134.4,33.6688230628553
ana2,ana,SMIM22,498.485630347274
ana2,ana,AC099518.4,7.48196068063451
ana2,ana,LINC01571,11.2229410209518
ana2,ana,AC007906.2,190.78999735618
ana2,ana,DYNLRB2,264.674359077446
ana2,ana,PLCG2,1466.46429340436
ana2,ana,FAM92B,204.81867363237
ana2,ana,LINC02166,40.2155386584105
ana2,ana,TEKT1,129.063821740945
ana2,ana,LRRC75A,14.963921361269
ana2,ana,DRC3,57.0499501898381
ana2,ana,B9D1,68.2728912107899
ana2,ana,AC087393.2,13.0934311911104
ana2,ana,LYRM9,8.41720576571382
ana2,ana,OMG,116.905635634914
ana2,ana,CCL15,79.4958322317417
ana2,ana,CAVIN1,79.4958322317417
ana2,ana,NGFR,61.7261756152347
ana2,ana,AC015813.8,0.935245085079314
ana2,ana,LPO,9.35245085079314
ana2,ana,SMIM5,20.5753918717449
ana2,ana,MTCL1,34.6040681479346
ana2,ana,DSC3,102.876959358724
ana2,ana,DSG3,87.9130379974555
ana2,ana,PARD6G-AS1,31.7983328926967
ana2,ana,AC005523.1,2.80573525523794
ana2,ana,PEX11G,7.48196068063451
ana2,ana,FBXW9,41.1507837434898
ana2,ana,MISP3,33.6688230628553
ana2,ana,CRLF1,21.5106369568242
ana2,ana,IL4I1,12.1581861060311
ana2,ana,AC010624.1,2.80573525523794
ana2,ana,AC010624.5,3.74098034031725
ana2,ana,TMEM238,8.41720576571382
ana2,ana,AL121899.1,17.769656616507
ana2,ana,SPEF1,59.8556854450761
ana2,ana,RALY-AS1,5.61147051047588
ana2,ana,WFDC6,6.5467155955552
ana2,ana,EPPIN,8.41720576571382
ana2,ana,C20orf85,657.477294810757
ana2,ana,LKAAEAR1,11.2229410209518
ana2,ana,FAM3B,5.61147051047588
ana2,ana,UMODL1-AS1,1.87049017015863
ana2,ana,RSPH14,10.2876959358724
ana2,ana,Z95115.1,4.67622542539657
ana2,ana,AC004832.1,19.6401467866656
ana2,ana,RIBC2,63.5966657853933
ana2,ana,LINC01589,13.0934311911104
ana2,ana,SYCE3,9.35245085079314
ana2,ana,FAM104B,71.0786264660278
ana2,ana,SLC16A2,56.1147051047588
ana2,ana,PIH1D3,26.1868623822208
ana2,ana,AKAP14,133.740047166342
ana2,ana,AC244090.1,81.3663224019003
ana3,ana,C1orf158,18.561279733921
ana3,ana,RCAN3AS,2.65161139056015
ana3,ana,ZSCAN20,14.5838626480808
ana3,ana,POU3F1,5.3032227811203
ana3,ana,FAM183A,506.457775596989
ana3,ana,TCTEX1D4,106.064455622406
ana3,ana,AL358075.2,5.3032227811203
ana3,ana,C1orf87,14.5838626480808
ana3,ana,TCTEX1D1,66.2902847640037
ana3,ana,C1orf141,31.8193366867218
ana3,ana,C1orf194,816.696308292526
ana3,ana,PIFO,619.151259695795
ana3,ana,TSPAN2,9.28063986696052
ana3,ana,LINC01765,17.235474038641
ana3,ana,RIIAD1,119.322512575207
ana3,ana,C1orf189,38.4483651631222
ana3,ana,AL451085.1,5.3032227811203
ana3,ana,PPOX,50.3806164206428
ana3,ana,CFAP126,209.477299854252
ana3,ana,HSPA6,404.370737060423
ana3,ana,ANKRD45,34.4709480772819
ana3,ana,APOBEC4,10.6064455622406
ana3,ana,NIBAN1,322.170783953058
ana3,ana,LINC00467,41.0999765536823
ana3,ana,NEK2,13.2580569528007
ana3,ana,AC096637.2,9.28063986696052
ana3,ana,SPATA17,110.041872708246
ana3,ana,CNIH3,10.6064455622406
ana3,ana,ACBD3-AS1,66.2902847640037
ana3,ana,PTRHD1,90.1547872790451
ana3,ana,FAM166C,9.28063986696052
ana3,ana,CCDC121,22.5386968197613
ana3,ana,CYP1B1,17.235474038641
ana3,ana,C2orf73,72.9193132404041
ana3,ana,WDR54,180.30957455809
ana3,ana,DNAH6,127.277346746887
ana3,ana,TEKT4,21.2128911244812
ana3,ana,ECRG4,132.580569528007
ana3,ana,NPHP1,190.916020120331
ana3,ana,AC104653.1,11.9322512575207
ana3,ana,NEB,14.5838626480808
ana3,ana,AC013264.1,87.5031758884849
ana3,ana,AC006994.2,27.8419196008816
ana3,ana,CATIP,23.8645025150413
ana3,ana,LINC02832,1.32580569528007
ana3,ana,HDAC4-AS1,11.9322512575207
ana3,ana,SRGAP3-AS2,43.7515879442425
ana3,ana,NDUFAF3,224.061162502333
ana3,ana,DNAH12,172.35474038641
ana3,ana,SNTN,308.912727000257
ana3,ana,AC079848.2,1.32580569528007
ana3,ana,CFAP100,50.3806164206428
ana3,ana,DZIP1L,37.1225594678421
ana3,ana,ERICH6-AS1,19.8870854292011
ana3,ana,WDR49,46.4031993348026
ana3,ana,LRRC34,59.6612562876034
ana3,ana,LINC01014,5.3032227811203
ana3,ana,HES1,282.396613094656
ana3,ana,LINC02265,7.95483417168045
ana3,ana,CFAP299,59.6612562876034
ana3,ana,AC098487.1,11.9322512575207
ana3,ana,NUDT6,11.9322512575207
ana3,ana,LINC01091,6.62902847640037
ana3,ana,PLK4,2.65161139056015
ana3,ana,SPATA4,17.235474038641
ana3,ana,TRIP13,19.8870854292011
ana3,ana,CAPSL,283.722418789936
ana3,ana,CDC20B,15.9096683433609
ana3,ana,PART1,6.62902847640037
ana3,ana,CENPK,9.28063986696052
ana3,ana,FAM169A,46.4031993348026
ana3,ana,ZNF474,25.1903082103214
ana3,ana,AC010255.3,10.6064455622406
ana3,ana,NME5,106.064455622406
ana3,ana,C6orf52,43.7515879442425
ana3,ana,AL022068.1,23.8645025150413
ana3,ana,LINC00240,26.5161139056015
ana3,ana,ZSCAN16-AS1,42.4257822489624
ana3,ana,HCG14,1.32580569528007
ana3,ana,HSPA1A,2869.04352458608
ana3,ana,C6orf226,31.8193366867218
ana3,ana,RSPH9,216.106328330652
ana3,ana,SPATS1,10.6064455622406
ana3,ana,GSTA1,631.083510953316
ana3,ana,IRAK1BP1,18.561279733921
ana3,ana,BACH2,18.561279733921
ana3,ana,FAM229B,369.899788983141
ana3,ana,LINC00326,5.3032227811203
ana3,ana,ADGB,55.6838392017631
ana3,ana,AL355312.4,6.62902847640037
ana3,ana,DYNLT1,1011.5897454987
ana3,ana,AC013470.2,10.6064455622406
ana3,ana,PCLO,258.532110579615
ana3,ana,AC002451.1,2.65161139056015
ana3,ana,AC105446.1,19.8870854292011
ana3,ana,EFCAB10,100.761232841286
ana3,ana,IQUB,112.693484098806
ana3,ana,AC006333.2,9.28063986696052
ana3,ana,PIP,104.738649927126
ana3,ana,RARRES2,147.164432176088
ana3,ana,PPP1R42,49.0548107253628
ana3,ana,AP001207.3,10.6064455622406
ana3,ana,BAALC,34.4709480772819
ana3,ana,C9orf24,601.915785657154
ana3,ana,FAM166B,50.3806164206428
ana3,ana,SPAG8,26.5161139056015
ana3,ana,AL353770.4,11.9322512575207
ana3,ana,C9orf135,393.764291498182
ana3,ana,PSAT1,350.01270355394
ana3,ana,MORN5,285.048224485216
ana3,ana,SPACA9,107.390261317686
ana3,ana,C9orf116,478.615855996107
ana3,ana,SFTA1P,15.9096683433609
ana3,ana,VIM-AS1,7.95483417168045
ana3,ana,SLC16A9,201.522465682571
ana3,ana,MRLN,7.95483417168045
ana3,ana,ANK3-DT,6.62902847640037
ana3,ana,CDK1,13.2580569528007
ana3,ana,CABCOCO1,86.1773701932049
ana3,ana,DYDC2,88.828981583765
ana3,ana,ANKRD22,55.6838392017631
ana3,ana,INA,67.6160904592838
ana3,ana,CASC2,26.5161139056015
ana3,ana,CDKN1C,124.625735356327
ana3,ana,C11orf16,21.2128911244812
ana3,ana,C11orf74,155.119266347769
ana3,ana,MAJIN,3.97741708584022
ana3,ana,CNIH2,10.6064455622406
ana3,ana,KLHL35,7.95483417168045
ana3,ana,CCDC81,11.9322512575207
ana3,ana,DEUP1,10.6064455622406
ana3,ana,C11orf97,145.838626480808
ana3,ana,CFAP300,131.254763832727
ana3,ana,AP003307.1,2.65161139056015
ana3,ana,AP002008.4,3.97741708584022
ana3,ana,C11orf88,412.325571232103
ana3,ana,PIH1D2,59.6612562876034
ana3,ana,CCDC153,172.35474038641
ana3,ana,SPA17,283.722418789936
ana3,ana,TP53AIP1,10.6064455622406
ana3,ana,MIR200CHG,30.4935309914417
ana3,ana,ST8SIA1,9.28063986696052
ana3,ana,AC023157.3,18.561279733921
ana3,ana,PRICKLE1,26.5161139056015
ana3,ana,AC008035.1,5.3032227811203
ana3,ana,CCDC65,80.8741474120846
ana3,ana,GIHCG,70.267701849844
ana3,ana,TSPAN19,144.512820785528
ana3,ana,CFAP73,96.7838157554455
ana3,ana,TEX26,55.6838392017631
ana3,ana,KCNRG,9.28063986696052
ana3,ana,LMO7-AS1,7.95483417168045
ana3,ana,AL096870.8,7.95483417168045
ana3,ana,LINC02300,7.95483417168045
ana3,ana,AL136038.5,30.4935309914417
ana3,ana,PPP1R36,9.28063986696052
ana3,ana,ACYP1,102.087038536566
ana3,ana,FOS,348.68689785866
ana3,ana,AL357093.2,285.048224485216
ana3,ana,CRIP1,1137.5412865503
ana3,ana,LINC02345,23.8645025150413
ana3,ana,DNAAF4,141.861209394968
ana3,ana,MNS1,295.654670047457
ana3,ana,AC027237.3,11.9322512575207
ana3,ana,AC023300.2,27.8419196008816
ana3,ana,CFAP161,27.8419196008816
ana3,ana,WDR93,9.28063986696052
ana3,ana,NHLRC4,17.235474038641
ana3,ana,AC108134.4,37.1225594678421
ana3,ana,SMIM22,525.01905533091
ana3,ana,AC099518.4,5.3032227811203
ana3,ana,LINC01571,11.9322512575207
ana3,ana,AC007906.2,250.577276407934
ana3,ana,DYNLRB2,274.441778922975
ana3,ana,PLCG2,810.067279816126
ana3,ana,FAM92B,224.061162502333
ana3,ana,LINC02166,18.561279733921
ana3,ana,TEKT1,173.68054608169
ana3,ana,LRRC75A,13.2580569528007
ana3,ana,DRC3,57.0096448970432
ana3,ana,B9D1,64.9644790687237
ana3,ana,AC087393.2,19.8870854292011
ana3,ana,LYRM9,10.6064455622406
ana3,ana,OMG,67.6160904592838
ana3,ana,CCL15,79.5483417168045
ana3,ana,CAVIN1,75.5709246309643
ana3,ana,NGFR,60.9870619828834
ana3,ana,AC015813.8,3.97741708584022
ana3,ana,LPO,11.9322512575207
ana3,ana,SMIM5,11.9322512575207
ana3,ana,MTCL1,49.0548107253628
ana3,ana,DSC3,71.593507545124
ana3,ana,DSG3,67.6160904592838
ana3,ana,PARD6G-AS1,38.4483651631222
ana3,ana,AC005523.1,3.97741708584022
ana3,ana,PEX11G,9.28063986696052
ana3,ana,FBXW9,62.3128676781635
ana3,ana,MISP3,43.7515879442425
ana3,ana,CRLF1,30.4935309914417
ana3,ana,IL4I1,5.3032227811203
ana3,ana,AC010624.1,3.97741708584022
ana3,ana,AC010624.5,2.65161139056015
ana3,ana,TMEM238,13.2580569528007
ana3,ana,AL121899.1,33.1451423820019
ana3,ana,SPEF1,71.593507545124
ana3,ana,RALY-AS1,14.5838626480808
ana3,ana,WFDC6,7.95483417168045
ana3,ana,EPPIN,9.28063986696052
ana3,ana,C20orf85,867.076924713169
ana3,ana,LKAAEAR1,10.6064455622406
ana3,ana,FAM3B,6.62902847640037
ana3,ana,UMODL1-AS1,1.32580569528007
ana3,ana,RSPH14,14.5838626480808
ana3,ana,Z95115.1,6.62902847640037
ana3,ana,AC004832.1,15.9096683433609
ana3,ana,RIBC2,68.9418961545639
ana3,ana,LINC01589,6.62902847640037
ana3,ana,SYCE3,6.62902847640037
ana3,ana,FAM104B,84.8515644979248
ana3,ana,SLC16A2,50.3806164206428
ana3,ana,PIH1D3,35.796753772562
ana3,ana,AKAP14,192.241825815611
ana3,ana,AC244090.1,88.828981583765
ana4,ana,C1orf158,11.6802317867183
ana4,ana,RCAN3AS,8.17616225070284
ana4,ana,ZSCAN20,12.8482549653902
ana4,ana,POU3F1,1.16802317867183
ana4,ana,FAM183A,334.054629100145
ana4,ana,TCTEX1D4,74.7534834349974
ana4,ana,AL358075.2,4.67209271468734
ana4,ana,C1orf87,11.6802317867183
ana4,ana,TCTEX1D1,56.065112576248
ana4,ana,C1orf141,21.024417216093
ana4,ana,C1orf194,592.18775158662
ana4,ana,PIFO,435.672645644594
ana4,ana,TSPAN2,11.6802317867183
ana4,ana,LINC01765,12.8482549653902
ana4,ana,RIIAD1,79.4255761496847
ana4,ana,C1orf189,17.5203476800775
ana4,ana,AL451085.1,9.34418542937467
ana4,ana,PPOX,37.3767417174987
ana4,ana,CFAP126,107.458132437809
ana4,ana,HSPA6,226.596496662336
ana4,ana,ANKRD45,30.3686026454677
ana4,ana,APOBEC4,8.17616225070284
ana4,ana,NIBAN1,530.282523117013
ana4,ana,LINC00467,50.2249966828889
ana4,ana,NEK2,3.5040695360155
ana4,ana,AC096637.2,1.16802317867183
ana4,ana,SPATA17,67.7453443629664
ana4,ana,CNIH3,22.1924403947648
ana4,ana,ACBD3-AS1,42.048834432186
ana4,ana,PTRHD1,73.5854602563255
ana4,ana,FAM166C,7.008139072031
ana4,ana,CCDC121,10.5122086080465
ana4,ana,CYP1B1,28.032556288124
ana4,ana,C2orf73,43.2168576108579
ana4,ana,WDR54,131.986619189917
ana4,ana,DNAH6,102.786039723121
ana4,ana,TEKT4,17.5203476800775
ana4,ana,ECRG4,95.7779006510904
ana4,ana,NPHP1,156.515105942026
ana4,ana,AC104653.1,4.67209271468734
ana4,ana,NEB,12.8482549653902
ana4,ana,AC013264.1,56.065112576248
ana4,ana,AC006994.2,18.6883708587493
ana4,ana,CATIP,19.8563940374212
ana4,ana,LINC02832,4.67209271468734
ana4,ana,HDAC4-AS1,11.6802317867183
ana4,ana,SRGAP3-AS2,29.2005794667959
ana4,ana,NDUFAF3,227.764519841008
ana4,ana,DNAH12,130.818596011245
ana4,ana,SNTN,219.588357590305
ana4,ana,AC079848.2,3.5040695360155
ana4,ana,CFAP100,21.024417216093
ana4,ana,DZIP1L,40.8808112535142
ana4,ana,ERICH6-AS1,23.3604635734367
ana4,ana,WDR49,59.5691821122635
ana4,ana,LRRC34,24.5284867521085
ana4,ana,LINC01014,10.5122086080465
ana4,ana,HES1,204.404056267571
ana4,ana,LINC02265,9.34418542937467
ana4,ana,CFAP299,50.2249966828889
ana4,ana,AC098487.1,9.34418542937467
ana4,ana,NUDT6,7.008139072031
ana4,ana,LINC01091,4.67209271468734
ana4,ana,PLK4,1.16802317867183
ana4,ana,SPATA4,15.1843013227338
ana4,ana,TRIP13,12.8482549653902
ana4,ana,CAPSL,121.474410581871
ana4,ana,CDC20B,7.008139072031
ana4,ana,PART1,4.67209271468734
ana4,ana,CENPK,14.016278144062
ana4,ana,FAM169A,43.2168576108579
ana4,ana,ZNF474,21.024417216093
ana4,ana,AC010255.3,0
ana4,ana,NME5,73.5854602563255
ana4,ana,C6orf52,29.2005794667959
ana4,ana,AL022068.1,32.7046490028114
ana4,ana,LINC00240,17.5203476800775
ana4,ana,ZSCAN16-AS1,31.5366258241395
ana4,ana,HCG14,4.67209271468734
ana4,ana,HSPA1A,1847.81266865884
ana4,ana,C6orf226,22.1924403947648
ana4,ana,RSPH9,161.187198656713
ana4,ana,SPATS1,4.67209271468734
ana4,ana,GSTA1,471.881364183421
ana4,ana,IRAK1BP1,17.5203476800775
ana4,ana,BACH2,26.8645331094522
ana4,ana,FAM229B,234.772658913039
ana4,ana,LINC00326,4.67209271468734
ana4,ana,ADGB,43.2168576108579
ana4,ana,AL355312.4,7.008139072031
ana4,ana,DYNLT1,1246.28073164285
ana4,ana,AC013470.2,11.6802317867183
ana4,ana,PCLO,202.068009910227
ana4,ana,AC002451.1,3.5040695360155
ana4,ana,AC105446.1,7.008139072031
ana4,ana,EFCAB10,61.9052284696072
ana4,ana,IQUB,73.5854602563255
ana4,ana,AC006333.2,22.1924403947648
ana4,ana,PIP,75.9215066136692
ana4,ana,RARRES2,108.626155616481
ana4,ana,PPP1R42,39.7127880748424
ana4,ana,AP001207.3,12.8482549653902
ana4,ana,BAALC,21.024417216093
ana4,ana,C9orf24,443.848807895297
ana4,ana,FAM166B,22.1924403947648
ana4,ana,SPAG8,16.3523245014057
ana4,ana,AL353770.4,1.16802317867183
ana4,ana,C9orf135,235.94068209171
ana4,ana,PSAT1,555.979033047793
ana4,ana,MORN5,204.404056267571
ana4,ana,SPACA9,70.08139072031
ana4,ana,C9orf116,350.40695360155
ana4,ana,SFTA1P,42.048834432186
ana4,ana,VIM-AS1,4.67209271468734
ana4,ana,SLC16A9,155.347082763354
ana4,ana,MRLN,12.8482549653902
ana4,ana,ANK3-DT,5.84011589335917
ana4,ana,CDK1,3.5040695360155
ana4,ana,CABCOCO1,45.5529039682015
ana4,ana,DYDC2,86.4337152217157
ana4,ana,ANKRD22,79.4255761496847
ana4,ana,INA,134.322665547261
ana4,ana,CASC2,21.024417216093
ana4,ana,CDKN1C,54.8970893975762
ana4,ana,C11orf16,10.5122086080465
ana4,ana,C11orf74,88.7697615790594
ana4,ana,MAJIN,5.84011589335917
ana4,ana,CNIH2,5.84011589335917
ana4,ana,KLHL35,19.8563940374212
ana4,ana,CCDC81,10.5122086080465
ana4,ana,DEUP1,5.84011589335917
ana4,ana,C11orf97,93.4418542937467
ana4,ana,CFAP300,120.306387403199
ana4,ana,AP003307.1,8.17616225070284
ana4,ana,AP002008.4,3.5040695360155
ana4,ana,C11orf88,161.187198656713
ana4,ana,PIH1D2,39.7127880748424
ana4,ana,CCDC153,113.298248331168
ana4,ana,SPA17,211.412195339602
ana4,ana,TP53AIP1,8.17616225070284
ana4,ana,MIR200CHG,23.3604635734367
ana4,ana,ST8SIA1,4.67209271468734
ana4,ana,AC023157.3,26.8645331094522
ana4,ana,PRICKLE1,32.7046490028114
ana4,ana,AC008035.1,3.5040695360155
ana4,ana,CCDC65,36.2087185388269
ana4,ana,GIHCG,37.3767417174987
ana4,ana,TSPAN19,135.490688725933
ana4,ana,CFAP73,65.4092980056227
ana4,ana,TEX26,33.8726721814832
ana4,ana,KCNRG,7.008139072031
ana4,ana,LMO7-AS1,3.5040695360155
ana4,ana,AL096870.8,4.67209271468734
ana4,ana,LINC02300,12.8482549653902
ana4,ana,AL136038.5,14.016278144062
ana4,ana,PPP1R36,7.008139072031
ana4,ana,ACYP1,74.7534834349974
ana4,ana,FOS,209.076148982258
ana4,ana,AL357093.2,221.924403947648
ana4,ana,CRIP1,765.055182030051
ana4,ana,LINC02345,8.17616225070284
ana4,ana,DNAAF4,113.298248331168
ana4,ana,MNS1,146.002897333979
ana4,ana,AC027237.3,8.17616225070284
ana4,ana,AC023300.2,17.5203476800775
ana4,ana,CFAP161,7.008139072031
ana4,ana,WDR93,9.34418542937467
ana4,ana,NHLRC4,9.34418542937467
ana4,ana,AC108134.4,16.3523245014057
ana4,ana,SMIM22,450.856946967328
ana4,ana,AC099518.4,2.33604635734367
ana4,ana,LINC01571,17.5203476800775
ana4,ana,AC007906.2,149.506966869995
ana4,ana,DYNLRB2,209.076148982258
ana4,ana,PLCG2,1109.62201973824
ana4,ana,FAM92B,146.002897333979
ana4,ana,LINC02166,31.5366258241395
ana4,ana,TEKT1,78.2575529710129
ana4,ana,LRRC75A,28.032556288124
ana4,ana,DRC3,36.2087185388269
ana4,ana,B9D1,47.8889503255452
ana4,ana,AC087393.2,7.008139072031
ana4,ana,LYRM9,5.84011589335917
ana4,ana,OMG,98.1139470084341
ana4,ana,CCL15,68.9133675416382
ana4,ana,CAVIN1,75.9215066136692
ana4,ana,NGFR,78.2575529710129
ana4,ana,AC015813.8,3.5040695360155
ana4,ana,LPO,35.040695360155
ana4,ana,SMIM5,26.8645331094522
ana4,ana,MTCL1,17.5203476800775
ana4,ana,DSC3,106.290109259137
ana4,ana,DSG3,94.6098774724186
ana4,ana,PARD6G-AS1,19.8563940374212
ana4,ana,AC005523.1,5.84011589335917
ana4,ana,PEX11G,9.34418542937467
ana4,ana,FBXW9,30.3686026454677
ana4,ana,MISP3,24.5284867521085
ana4,ana,CRLF1,12.8482549653902
ana4,ana,IL4I1,39.7127880748424
ana4,ana,AC010624.1,1.16802317867183
ana4,ana,AC010624.5,5.84011589335917
ana4,ana,TMEM238,8.17616225070284
ana4,ana,AL121899.1,23.3604635734367
ana4,ana,SPEF1,56.065112576248
ana4,ana,RALY-AS1,9.34418542937467
ana4,ana,WFDC6,7.008139072031
ana4,ana,EPPIN,5.84011589335917
ana4,ana,C20orf85,533.786592653028
ana4,ana,LKAAEAR1,12.8482549653902
ana4,ana,FAM3B,12.8482549653902
ana4,ana,UMODL1-AS1,3.5040695360155
ana4,ana,RSPH14,14.016278144062
ana4,ana,Z95115.1,4.67209271468734
ana4,ana,AC004832.1,12.8482549653902
ana4,ana,RIBC2,58.4011589335917
ana4,ana,LINC01589,9.34418542937467
ana4,ana,SYCE3,2.33604635734367
ana4,ana,FAM104B,63.073251648279
ana4,ana,SLC16A2,53.7290662189044
ana4,ana,PIH1D3,40.8808112535142
ana4,ana,AKAP14,74.7534834349974
ana4,ana,AC244090.1,61.9052284696072
ana5,ana,C1orf158,21.3703245206658
ana5,ana,RCAN3AS,5.82827032381796
ana5,ana,ZSCAN20,20.3989461333628
ana5,ana,POU3F1,4.85689193651496
ana5,ana,FAM183A,371.066543949743
ana5,ana,TCTEX1D4,92.2809467937843
ana5,ana,AL358075.2,3.88551354921197
ana5,ana,C1orf87,20.3989461333628
ana5,ana,TCTEX1D1,52.4544329143616
ana5,ana,C1orf141,27.1985948444838
ana5,ana,C1orf194,587.683924318311
ana5,ana,PIFO,462.376112356225
ana5,ana,TSPAN2,2.91413516190898
ana5,ana,LINC01765,20.3989461333628
ana5,ana,RIIAD1,88.3954332445723
ana5,ana,C1orf189,15.5420541968479
ana5,ana,AL451085.1,4.85689193651496
ana5,ana,PPOX,41.7692706540287
ana5,ana,CFAP126,116.565406476359
ana5,ana,HSPA6,209.817731657446
ana5,ana,ANKRD45,21.3703245206658
ana5,ana,APOBEC4,14.5706758095449
ana5,ana,NIBAN1,413.807192991075
ana5,ana,LINC00467,36.9123787175137
ana5,ana,NEK2,1.94275677460599
ana5,ana,AC096637.2,10.6851622603329
ana5,ana,SPATA17,54.3971896889676
ana5,ana,CNIH3,16.5134325841509
ana5,ana,ACBD3-AS1,81.5957845334514
ana5,ana,PTRHD1,101.023352279511
ana5,ana,FAM166C,4.85689193651496
ana5,ana,CCDC121,16.5134325841509
ana5,ana,CYP1B1,32.0554867809988
ana5,ana,C2orf73,55.3685680762706
ana5,ana,WDR54,168.048461003418
ana5,ana,DNAH6,99.0805955049053
ana5,ana,TEKT4,31.0841083936958
ana5,ana,ECRG4,96.1664603429963
ana5,ana,NPHP1,119.479541638268
ana5,ana,AC104653.1,7.77102709842394
ana5,ana,NEB,13.5992974222419
ana5,ana,AC013264.1,123.36505518748
ana5,ana,AC006994.2,22.3417029079688
ana5,ana,CATIP,24.2844596825748
ana5,ana,LINC02832,2.91413516190898
ana5,ana,HDAC4-AS1,16.5134325841509
ana5,ana,SRGAP3-AS2,40.7978922667257
ana5,ana,NDUFAF3,240.901840051142
ana5,ana,DNAH12,141.821244546237
ana5,ana,SNTN,271.014570057535
ana5,ana,AC079848.2,3.88551354921197
ana5,ana,CFAP100,35.9410003302107
ana5,ana,DZIP1L,42.7406490413317
ana5,ana,ERICH6-AS1,18.4561893587569
ana5,ana,WDR49,56.3399464635736
ana5,ana,LRRC34,36.9123787175137
ana5,ana,LINC01014,11.6565406476359
ana5,ana,HES1,227.3025426289
ana5,ana,LINC02265,5.82827032381796
ana5,ana,CFAP299,44.6834058159377
ana5,ana,AC098487.1,11.6565406476359
ana5,ana,NUDT6,6.79964871112095
ana5,ana,LINC01091,0.971378387302993
ana5,ana,PLK4,0
ana5,ana,SPATA4,20.3989461333628
ana5,ana,TRIP13,21.3703245206658
ana5,ana,CAPSL,186.504650362175
ana5,ana,CDC20B,6.79964871112095
ana5,ana,PART1,4.85689193651496
ana5,ana,CENPK,12.6279190349389
ana5,ana,FAM169A,35.9410003302107
ana5,ana,ZNF474,12.6279190349389
ana5,ana,AC010255.3,6.79964871112095
ana5,ana,NME5,119.479541638268
ana5,ana,C6orf52,22.3417029079688
ana5,ana,AL022068.1,31.0841083936958
ana5,ana,LINC00240,24.2844596825748
ana5,ana,ZSCAN16-AS1,33.0268651683018
ana5,ana,HCG14,2.91413516190898
ana5,ana,HSPA1A,1564.89058194512
ana5,ana,C6orf226,22.3417029079688
ana5,ana,RSPH9,184.561893587569
ana5,ana,SPATS1,11.6565406476359
ana5,ana,GSTA1,859.669872763149
ana5,ana,IRAK1BP1,13.5992974222419
ana5,ana,BACH2,25.2558380698778
ana5,ana,FAM229B,340.95381394335
ana5,ana,LINC00326,5.82827032381796
ana5,ana,ADGB,47.5975409778466
ana5,ana,AL355312.4,4.85689193651496
ana5,ana,DYNLT1,1089.88655055396
ana5,ana,AC013470.2,8.74240548572694
ana5,ana,PCLO,162.2201906796
ana5,ana,AC002451.1,4.85689193651496
ana5,ana,AC105446.1,5.82827032381796
ana5,ana,EFCAB10,100.051973892208
ana5,ana,IQUB,64.1109735619975
ana5,ana,AC006333.2,4.85689193651496
ana5,ana,PIP,68.9678654985125
ana5,ana,RARRES2,111.708514539844
ana5,ana,PPP1R42,54.3971896889676
ana5,ana,AP001207.3,15.5420541968479
ana5,ana,BAALC,19.4275677460599
ana5,ana,C9orf24,634.310086908854
ana5,ana,FAM166B,31.0841083936958
ana5,ana,SPAG8,39.8265138794227
ana5,ana,AL353770.4,0
ana5,ana,C9orf135,271.985948444838
ana5,ana,PSAT1,416.721328152984
ana5,ana,MORN5,231.188056178112
ana5,ana,SPACA9,68.9678654985125
ana5,ana,C9orf116,364.266895238622
ana5,ana,SFTA1P,30.1127300063928
ana5,ana,VIM-AS1,6.79964871112095
ana5,ana,SLC16A9,211.760488432052
ana5,ana,MRLN,8.74240548572694
ana5,ana,ANK3-DT,1.94275677460599
ana5,ana,CDK1,3.88551354921197
ana5,ana,CABCOCO1,68.9678654985125
ana5,ana,DYDC2,94.2237035683903
ana5,ana,ANKRD22,108.794379377935
ana5,ana,INA,66.0537303366035
ana5,ana,CASC2,16.5134325841509
ana5,ana,CDKN1C,53.4258113016646
ana5,ana,C11orf16,14.5706758095449
ana5,ana,C11orf74,98.1092171176023
ana5,ana,MAJIN,1.94275677460599
ana5,ana,CNIH2,6.79964871112095
ana5,ana,KLHL35,12.6279190349389
ana5,ana,CCDC81,8.74240548572694
ana5,ana,DEUP1,10.6851622603329
ana5,ana,C11orf97,91.3095684064813
ana5,ana,CFAP300,119.479541638268
ana5,ana,AP003307.1,8.74240548572694
ana5,ana,AP002008.4,0.971378387302993
ana5,ana,C11orf88,214.674623593961
ana5,ana,PIH1D2,51.4830545270586
ana5,ana,CCDC153,148.620893257358
ana5,ana,SPA17,284.613867479777
ana5,ana,TP53AIP1,8.74240548572694
ana5,ana,MIR200CHG,36.9123787175137
ana5,ana,ST8SIA1,4.85689193651496
ana5,ana,AC023157.3,17.4848109714539
ana5,ana,PRICKLE1,24.2844596825748
ana5,ana,AC008035.1,9.71378387302993
ana5,ana,CCDC65,65.0823519493005
ana5,ana,GIHCG,79.6530277588454
ana5,ana,TSPAN19,136.964352609722
ana5,ana,CFAP73,91.3095684064813
ana5,ana,TEX26,53.4258113016646
ana5,ana,KCNRG,26.2272164571808
ana5,ana,LMO7-AS1,7.77102709842394
ana5,ana,AL096870.8,10.6851622603329
ana5,ana,LINC02300,10.6851622603329
ana5,ana,AL136038.5,13.5992974222419
ana5,ana,PPP1R36,8.74240548572694
ana5,ana,ACYP1,75.7675142096334
ana5,ana,FOS,274.900083606747
ana5,ana,AL357093.2,197.189812622508
ana5,ana,CRIP1,594.483573029432
ana5,ana,LINC02345,13.5992974222419
ana5,ana,DNAAF4,123.36505518748
ana5,ana,MNS1,150.563650031964
ana5,ana,AC027237.3,9.71378387302993
ana5,ana,AC023300.2,20.3989461333628
ana5,ana,CFAP161,13.5992974222419
ana5,ana,WDR93,15.5420541968479
ana5,ana,NHLRC4,6.79964871112095
ana5,ana,AC108134.4,26.2272164571808
ana5,ana,SMIM22,564.370843023039
ana5,ana,AC099518.4,2.91413516190898
ana5,ana,LINC01571,17.4848109714539
ana5,ana,AC007906.2,191.36154229869
ana5,ana,DYNLRB2,235.073569727324
ana5,ana,PLCG2,728.533790477245
ana5,ana,FAM92B,202.046704559022
ana5,ana,LINC02166,24.2844596825748
ana5,ana,TEKT1,141.821244546237
ana5,ana,LRRC75A,31.0841083936958
ana5,ana,DRC3,66.0537303366035
ana5,ana,B9D1,64.1109735619975
ana5,ana,AC087393.2,8.74240548572694
ana5,ana,LYRM9,10.6851622603329
ana5,ana,OMG,161.248812292297
ana5,ana,CCL15,58.2827032381796
ana5,ana,CAVIN1,45.6547842032407
ana5,ana,NGFR,97.1378387302993
ana5,ana,AC015813.8,3.88551354921197
ana5,ana,LPO,15.5420541968479
ana5,ana,SMIM5,20.3989461333628
ana5,ana,MTCL1,25.2558380698778
ana5,ana,DSC3,89.3668116318753
ana5,ana,DSG3,67.9964871112095
ana5,ana,PARD6G-AS1,31.0841083936958
ana5,ana,AC005523.1,6.79964871112095
ana5,ana,PEX11G,10.6851622603329
ana5,ana,FBXW9,47.5975409778466
ana5,ana,MISP3,30.1127300063928
ana5,ana,CRLF1,15.5420541968479
ana5,ana,IL4I1,43.7120274286347
ana5,ana,AC010624.1,5.82827032381796
ana5,ana,AC010624.5,1.94275677460599
ana5,ana,TMEM238,4.85689193651496
ana5,ana,AL121899.1,17.4848109714539
ana5,ana,SPEF1,55.3685680762706
ana5,ana,RALY-AS1,10.6851622603329
ana5,ana,WFDC6,7.77102709842394
ana5,ana,EPPIN,12.6279190349389
ana5,ana,C20orf85,644.995249169187
ana5,ana,LKAAEAR1,12.6279190349389
ana5,ana,FAM3B,9.71378387302993
ana5,ana,UMODL1-AS1,2.91413516190898
ana5,ana,RSPH14,13.5992974222419
ana5,ana,Z95115.1,1.94275677460599
ana5,ana,AC004832.1,30.1127300063928
ana5,ana,RIBC2,57.3113248508766
ana5,ana,LINC01589,10.6851622603329
ana5,ana,SYCE3,5.82827032381796
ana5,ana,FAM104B,71.8820006604215
ana5,ana,SLC16A2,42.7406490413317
ana5,ana,PIH1D3,43.7120274286347
ana5,ana,AKAP14,107.823000990632
ana5,ana,AC244090.1,100.051973892208
ana6,ana,C1orf158,47.457031177565
ana6,ana,RCAN3AS,10.6645013882169
ana6,ana,ZSCAN20,10.6645013882169
ana6,ana,POU3F1,3.19935041646506
ana6,ana,FAM183A,590.280151837803
ana6,ana,TCTEX1D4,116.776290200975
ana6,ana,AL358075.2,7.99837604116264
ana6,ana,C1orf87,31.9935041646506
ana6,ana,TCTEX1D1,76.2511849257506
ana6,ana,C1orf141,61.3208829822469
ana6,ana,C1orf194,893.151991263162
ana6,ana,PIFO,940.075797371316
ana6,ana,TSPAN2,12.7974016658602
ana6,ana,LINC01765,27.194478539953
ana6,ana,RIIAD1,140.238193255052
ana6,ana,C1orf189,24.5283531928988
ana6,ana,AL451085.1,1.06645013882169
ana6,ana,PPOX,49.5899314552084
ana6,ana,CFAP126,194.627150334958
ana6,ana,HSPA6,100.246313049238
ana6,ana,ANKRD45,36.2593047199373
ana6,ana,APOBEC4,16.5299771517361
ana6,ana,NIBAN1,204.225201584353
ana6,ana,LINC00467,65.0534584681228
ana6,ana,NEK2,9.06482617998433
ana6,ana,AC096637.2,13.8638518046819
ana6,ana,SPATA17,147.703344226803
ana6,ana,CNIH3,22.3954529152554
ana6,ana,ACBD3-AS1,92.2479370080758
ana6,ana,PTRHD1,88.5153615221999
ana6,ana,FAM166C,5.86547576351927
ana6,ana,CCDC121,22.3954529152554
ana6,ana,CYP1B1,16.5299771517361
ana6,ana,C2orf73,84.782786036324
ana6,ana,WDR54,271.411560330119
ana6,ana,DNAH6,185.562324154973
ana6,ana,TEKT4,57.0550824269602
ana6,ana,ECRG4,103.978888535114
ana6,ana,NPHP1,210.090677347872
ana6,ana,AC104653.1,4.79902562469759
ana6,ana,NEB,10.6645013882169
ana6,ana,AC013264.1,171.165247280881
ana6,ana,AC006994.2,23.9951281234879
ana6,ana,CATIP,47.9902562469759
ana6,ana,LINC02832,4.26580055528674
ana6,ana,HDAC4-AS1,10.131276318806
ana6,ana,SRGAP3-AS2,110.377589368044
ana6,ana,NDUFAF3,246.88320713722
ana6,ana,DNAH12,236.218705749003
ana6,ana,SNTN,475.636761914472
ana6,ana,AC079848.2,2.66612534705421
ana6,ana,CFAP100,71.9853843704638
ana6,ana,DZIP1L,79.4505353422156
ana6,ana,ERICH6-AS1,30.9270540258289
ana6,ana,WDR49,82.6498857586807
ana6,ana,LRRC34,87.4489113833782
ana6,ana,LINC01014,13.3306267352711
ana6,ana,HES1,429.246180875729
ana6,ana,LINC02265,9.06482617998433
ana6,ana,CFAP299,108.777914159812
ana6,ana,AC098487.1,9.06482617998433
ana6,ana,NUDT6,9.59805124939517
ana6,ana,LINC01091,2.66612534705421
ana6,ana,PLK4,2.13290027764337
ana6,ana,SPATA4,37.8589799281699
ana6,ana,TRIP13,47.457031177565
ana6,ana,CAPSL,401.518477266365
ana6,ana,CDC20B,1.59967520823253
ana6,ana,PART1,14.3970768740928
ana6,ana,CENPK,11.7309515270385
ana6,ana,FAM169A,49.0567063857976
ana6,ana,ZNF474,37.325754858759
ana6,ana,AC010255.3,5.86547576351927
ana6,ana,NME5,180.763298530276
ana6,ana,C6orf52,36.2593047199373
ana6,ana,AL022068.1,40.5251052752241
ana6,ana,LINC00240,34.126404442294
ana6,ana,ZSCAN16-AS1,47.9902562469759
ana6,ana,HCG14,3.7325754858759
ana6,ana,HSPA1A,1499.42889518329
ana6,ana,C6orf226,36.2593047199373
ana6,ana,RSPH9,252.74868290074
ana6,ana,SPATS1,19.7293275682012
ana6,ana,GSTA1,1313.33334595891
ana6,ana,IRAK1BP1,33.0599543034723
ana6,ana,BACH2,25.5948033317205
ana6,ana,FAM229B,416.448779209868
ana6,ana,LINC00326,6.93192590234096
ana6,ana,ADGB,121.042090756261
ana6,ana,AL355312.4,3.7325754858759
ana6,ana,DYNLT1,1116.57329534631
ana6,ana,AC013470.2,10.131276318806
ana6,ana,PCLO,185.029099085563
ana6,ana,AC002451.1,6.93192590234096
ana6,ana,AC105446.1,6.39870083293012
ana6,ana,EFCAB10,177.0307230444
ana6,ana,IQUB,134.905942560943
ana6,ana,AC006333.2,19.1961024987903
ana6,ana,PIP,68.7860339539987
ana6,ana,RARRES2,115.709840062153
ana6,ana,PPP1R42,80.5169854810373
ana6,ana,AP001207.3,27.194478539953
ana6,ana,BAALC,53.3225069410843
ana6,ana,C9orf24,988.599278687703
ana6,ana,FAM166B,55.9886322881385
ana6,ana,SPAG8,48.5234813163867
ana6,ana,AL353770.4,5.86547576351927
ana6,ana,C9orf135,482.035462747402
ana6,ana,PSAT1,318.868591507684
ana6,ana,MORN5,359.393696782908
ana6,ana,SPACA9,127.440791589191
ana6,ana,C9orf116,681.461638707057
ana6,ana,SFTA1P,12.2641765964494
ana6,ana,VIM-AS1,12.2641765964494
ana6,ana,SLC16A9,166.899446725594
ana6,ana,MRLN,23.9951281234879
ana6,ana,ANK3-DT,5.33225069410843
ana6,ana,CDK1,5.86547576351927
ana6,ana,CABCOCO1,116.776290200975
ana6,ana,DYDC2,180.763298530276
ana6,ana,ANKRD22,73.0518345092855
ana6,ana,INA,33.5931793728831
ana6,ana,CASC2,47.457031177565
ana6,ana,CDKN1C,67.1863587457662
ana6,ana,C11orf16,26.1280284011313
ana6,ana,C11orf74,160.500745892664
ana6,ana,MAJIN,4.26580055528674
ana6,ana,CNIH2,6.93192590234096
ana6,ana,KLHL35,7.4651509717518
ana6,ana,CCDC81,15.4635270129144
ana6,ana,DEUP1,13.8638518046819
ana6,ana,C11orf97,185.029099085563
ana6,ana,CFAP300,223.954529152554
ana6,ana,AP003307.1,4.26580055528674
ana6,ana,AP002008.4,10.131276318806
ana6,ana,C11orf88,323.667617132382
ana6,ana,PIH1D2,85.8492361751457
ana6,ana,CCDC153,247.416432206631
ana6,ana,SPA17,402.584927405186
ana6,ana,TP53AIP1,7.99837604116264
ana6,ana,MIR200CHG,41.5915554140458
ana6,ana,ST8SIA1,7.99837604116264
ana6,ana,AC023157.3,19.7293275682012
ana6,ana,PRICKLE1,25.5948033317205
ana6,ana,AC008035.1,9.06482617998433
ana6,ana,CCDC65,158.36784561502
ana6,ana,GIHCG,98.646637841006
ana6,ana,TSPAN19,308.204090119467
ana6,ana,CFAP73,217.555828319624
ana6,ana,TEX26,69.3192590234096
ana6,ana,KCNRG,30.9270540258289
ana6,ana,LMO7-AS1,6.39870083293012
ana6,ana,AL096870.8,17.063202221147
ana6,ana,LINC02300,17.5964272905578
ana6,ana,AL136038.5,22.3954529152554
ana6,ana,PPP1R36,12.2641765964494
ana6,ana,ACYP1,103.445663465704
ana6,ana,FOS,363.659497338195
ana6,ana,AL357093.2,237.818380957236
ana6,ana,CRIP1,1062.1843382664
ana6,ana,LINC02345,19.1961024987903
ana6,ana,DNAAF4,195.693600473779
ana6,ana,MNS1,338.597919075885
ana6,ana,AC027237.3,21.3290027764337
ana6,ana,AC023300.2,45.3241308999217
ana6,ana,CFAP161,32.5267292340614
ana6,ana,WDR93,24.5283531928988
ana6,ana,NHLRC4,37.325754858759
ana6,ana,AC108134.4,46.3905810387433
ana6,ana,SMIM22,814.767906059768
ana6,ana,AC099518.4,9.06482617998433
ana6,ana,LINC01571,27.194478539953
ana6,ana,AC007906.2,404.71782768283
ana6,ana,DYNLRB2,366.85884775466
ana6,ana,PLCG2,1081.38044076519
ana6,ana,FAM92B,356.727571435854
ana6,ana,LINC02166,37.8589799281699
ana6,ana,TEKT1,307.670865050056
ana6,ana,LRRC75A,12.2641765964494
ana6,ana,DRC3,151.96914478209
ana6,ana,B9D1,104.512113604525
ana6,ana,AC087393.2,6.39870083293012
ana6,ana,LYRM9,18.1296523599687
ana6,ana,OMG,349.795645533513
ana6,ana,CCL15,142.371093532695
ana6,ana,CAVIN1,43.1912306222783
ana6,ana,NGFR,58.1215325657819
ana6,ana,AC015813.8,8.53160111057349
ana6,ana,LPO,10.131276318806
ana6,ana,SMIM5,41.5915554140458
ana6,ana,MTCL1,25.0615782623096
ana6,ana,DSC3,190.361349779671
ana6,ana,DSG3,183.42942387733
ana6,ana,PARD6G-AS1,20.262552637612
ana6,ana,AC005523.1,6.39870083293012
ana6,ana,PEX11G,5.86547576351927
ana6,ana,FBXW9,82.1166606892698
ana6,ana,MISP3,25.5948033317205
ana6,ana,CRLF1,25.0615782623096
ana6,ana,IL4I1,9.06482617998433
ana6,ana,AC010624.1,8.53160111057349
ana6,ana,AC010624.5,2.66612534705421
ana6,ana,TMEM238,16.5299771517361
ana6,ana,AL121899.1,34.126404442294
ana6,ana,SPEF1,101.845988257471
ana6,ana,RALY-AS1,6.39870083293012
ana6,ana,WFDC6,4.26580055528674
ana6,ana,EPPIN,9.06482617998433
ana6,ana,C20orf85,1172.56192763444
ana6,ana,LKAAEAR1,21.3290027764337
ana6,ana,FAM3B,6.93192590234096
ana6,ana,UMODL1-AS1,5.86547576351927
ana6,ana,RSPH14,23.9951281234879
ana6,ana,Z95115.1,7.99837604116264
ana6,ana,AC004832.1,42.1247804834566
ana6,ana,RIBC2,126.907566519781
ana6,ana,LINC01589,6.39870083293012
ana6,ana,SYCE3,2.66612534705421
ana6,ana,FAM104B,87.9821364527891
ana6,ana,SLC16A2,50.6563815940301
ana6,ana,PIH1D3,83.7163358975023
ana6,ana,AKAP14,210.623902417283
ana6,ana,AC244090.1,94.9140623551301
fuso1,fuso,C1orf158,118.082379126148
fuso1,fuso,RCAN3AS,26.4857672806314
fuso1,fuso,ZSCAN20,3.31072091007892
fuso1,fuso,POU3F1,15.4500309137016
fuso1,fuso,FAM183A,1176.40949671471
fuso1,fuso,TCTEX1D4,251.614789165998
fuso1,fuso,AL358075.2,11.0357363669297
fuso1,fuso,C1orf87,99.3216273023677
fuso1,fuso,TCTEX1D1,219.611153701902
fuso1,fuso,C1orf141,111.46093730599
fuso1,fuso,C1orf194,1771.23568689222
fuso1,fuso,PIFO,1579.21387410765
fuso1,fuso,TSPAN2,29.7964881907103
fuso1,fuso,LINC01765,78.3537282052012
fuso1,fuso,RIIAD1,309.000618274033
fuso1,fuso,C1orf189,93.8037591189028
fuso1,fuso,AL451085.1,37.5215036475611
fuso1,fuso,PPOX,113.668084579376
fuso1,fuso,CFAP126,525.301051065856
fuso1,fuso,HSPA6,879.548188444301
fuso1,fuso,ANKRD45,118.082379126148
fuso1,fuso,APOBEC4,71.7322863850433
fuso1,fuso,NIBAN1,143.464572770087
fuso1,fuso,LINC00467,118.082379126148
fuso1,fuso,NEK2,62.9036972914995
fuso1,fuso,AC096637.2,48.5572400144909
fuso1,fuso,SPATA17,303.482750090568
fuso1,fuso,CNIH3,40.8322245576401
fuso1,fuso,ACBD3-AS1,201.953975514814
fuso1,fuso,PTRHD1,160.018177320481
fuso1,fuso,FAM166C,22.0714727338595
fuso1,fuso,CCDC121,66.2144182015785
fuso1,fuso,CYP1B1,133.53241003985
fuso1,fuso,C2orf73,172.157487324104
fuso1,fuso,WDR54,551.786818346487
fuso1,fuso,DNAH6,456.879485590891
fuso1,fuso,TEKT4,88.2858909354379
fuso1,fuso,ECRG4,313.414912820805
fuso1,fuso,NPHP1,487.779547418295
fuso1,fuso,AC104653.1,11.0357363669297
fuso1,fuso,NEB,3.31072091007892
fuso1,fuso,AC013264.1,390.665067389313
fuso1,fuso,AC006994.2,51.8679609245698
fuso1,fuso,CATIP,104.839495485833
fuso1,fuso,LINC02832,19.8643254604735
fuso1,fuso,HDAC4-AS1,32.0036354640963
fuso1,fuso,SRGAP3-AS2,163.32889823056
fuso1,fuso,NDUFAF3,559.511833803338
fuso1,fuso,DNAH12,690.837096569802
fuso1,fuso,SNTN,1162.0630394377
fuso1,fuso,AC079848.2,16.5536045503946
fuso1,fuso,CFAP100,141.257425496701
fuso1,fuso,DZIP1L,192.021812784578
fuso1,fuso,ERICH6-AS1,67.3179918382714
fuso1,fuso,WDR49,215.19685915513
fuso1,fuso,LRRC34,167.743192777332
fuso1,fuso,LINC01014,41.935798194333
fuso1,fuso,HES1,669.869197472636
fuso1,fuso,LINC02265,33.1072091007892
fuso1,fuso,CFAP299,188.711091874499
fuso1,fuso,AC098487.1,26.4857672806314
fuso1,fuso,NUDT6,17.6571781870876
fuso1,fuso,LINC01091,17.6571781870876
fuso1,fuso,PLK4,16.5536045503946
fuso1,fuso,SPATA4,94.9073327555958
fuso1,fuso,TRIP13,72.8358600217363
fuso1,fuso,CAPSL,789.055150235477
fuso1,fuso,CDC20B,88.2858909354379
fuso1,fuso,PART1,33.1072091007892
fuso1,fuso,CENPK,47.4536663777979
fuso1,fuso,FAM169A,14.3464572770087
fuso1,fuso,ZNF474,102.632348212447
fuso1,fuso,AC010255.3,18.7607518237806
fuso1,fuso,NME5,510.954593788847
fuso1,fuso,C6orf52,75.0430072951223
fuso1,fuso,AL022068.1,104.839495485833
fuso1,fuso,LINC00240,84.975170025359
fuso1,fuso,ZSCAN16-AS1,99.3216273023677
fuso1,fuso,HCG14,15.4500309137016
fuso1,fuso,HSPA1A,4759.7130950568
fuso1,fuso,C6orf226,55.1786818346487
fuso1,fuso,RSPH9,619.104810184759
fuso1,fuso,SPATS1,33.1072091007892
fuso1,fuso,GSTA1,2140.93285518437
fuso1,fuso,IRAK1BP1,71.7322863850433
fuso1,fuso,BACH2,8.8285890935438
fuso1,fuso,FAM229B,858.580289347134
fuso1,fuso,LINC00326,27.5893409173244
fuso1,fuso,ADGB,197.539680968042
fuso1,fuso,AL355312.4,15.4500309137016
fuso1,fuso,DYNLT1,2597.81234077526
fuso1,fuso,AC013470.2,46.3500927411049
fuso1,fuso,PCLO,83.871596388666
fuso1,fuso,AC002451.1,20.9678990971665
fuso1,fuso,AC105446.1,71.7322863850433
fuso1,fuso,EFCAB10,294.654160997024
fuso1,fuso,IQUB,339.900680101436
fuso1,fuso,AC006333.2,39.7286509209471
fuso1,fuso,PIP,354.247137378445
fuso1,fuso,RARRES2,203.057549151507
fuso1,fuso,PPP1R42,179.882502780955
fuso1,fuso,AP001207.3,45.246519104412
fuso1,fuso,BAALC,94.9073327555958
fuso1,fuso,C9orf24,1714.95343142088
fuso1,fuso,FAM166B,118.082379126148
fuso1,fuso,SPAG8,96.0109063922888
fuso1,fuso,AL353770.4,25.3821936439384
fuso1,fuso,C9orf135,851.958847526976
fuso1,fuso,PSAT1,196.436107331349
fuso1,fuso,MORN5,699.665685663346
fuso1,fuso,SPACA9,296.86130827041
fuso1,fuso,C9orf116,1288.97400765739
fuso1,fuso,SFTA1P,9.93216273023677
fuso1,fuso,VIM-AS1,30.9000618274033
fuso1,fuso,SLC16A9,86.078743662052
fuso1,fuso,MRLN,49.6608136511838
fuso1,fuso,ANK3-DT,14.3464572770087
fuso1,fuso,CDK1,33.1072091007892
fuso1,fuso,CABCOCO1,228.439742795446
fuso1,fuso,DYDC2,380.732904659076
fuso1,fuso,ANKRD22,15.4500309137016
fuso1,fuso,INA,13.2428836403157
fuso1,fuso,CASC2,93.8037591189028
fuso1,fuso,CDKN1C,118.082379126148
fuso1,fuso,C11orf16,71.7322863850433
fuso1,fuso,C11orf74,375.215036475611
fuso1,fuso,MAJIN,16.5536045503946
fuso1,fuso,CNIH2,39.7286509209471
fuso1,fuso,KLHL35,2.20714727338595
fuso1,fuso,CCDC81,25.3821936439384
fuso1,fuso,DEUP1,56.2822554713417
fuso1,fuso,C11orf97,406.115098303015
fuso1,fuso,CFAP300,549.579671073101
fuso1,fuso,AP003307.1,9.93216273023677
fuso1,fuso,AP002008.4,22.0714727338595
fuso1,fuso,C11orf88,823.265932972959
fuso1,fuso,PIH1D2,270.375540989779
fuso1,fuso,CCDC153,382.940051932462
fuso1,fuso,SPA17,965.626932106353
fuso1,fuso,TP53AIP1,20.9678990971665
fuso1,fuso,MIR200CHG,84.975170025359
fuso1,fuso,ST8SIA1,25.3821936439384
fuso1,fuso,AC023157.3,62.9036972914995
fuso1,fuso,PRICKLE1,8.8285890935438
fuso1,fuso,AC008035.1,14.3464572770087
fuso1,fuso,CCDC65,239.475479162375
fuso1,fuso,GIHCG,212.989711881744
fuso1,fuso,TSPAN19,422.668702853409
fuso1,fuso,CFAP73,321.139928277656
fuso1,fuso,TEX26,189.814665511192
fuso1,fuso,KCNRG,62.9036972914995
fuso1,fuso,LMO7-AS1,20.9678990971665
fuso1,fuso,AL096870.8,33.1072091007892
fuso1,fuso,LINC02300,38.6250772842541
fuso1,fuso,AL136038.5,60.6965500181136
fuso1,fuso,PPP1R36,25.3821936439384
fuso1,fuso,ACYP1,219.611153701902
fuso1,fuso,FOS,1300.00974402432
fuso1,fuso,AL357093.2,792.365871145556
fuso1,fuso,CRIP1,2199.4222579291
fuso1,fuso,LINC02345,59.5929763814206
fuso1,fuso,DNAAF4,526.404624702549
fuso1,fuso,MNS1,627.933399278302
fuso1,fuso,AC027237.3,60.6965500181136
fuso1,fuso,AC023300.2,90.4930382088239
fuso1,fuso,CFAP161,67.3179918382714
fuso1,fuso,WDR93,66.2144182015785
fuso1,fuso,NHLRC4,56.2822554713417
fuso1,fuso,AC108134.4,113.668084579376
fuso1,fuso,SMIM22,1558.24597501048
fuso1,fuso,AC099518.4,18.7607518237806
fuso1,fuso,LINC01571,70.6287127483504
fuso1,fuso,AC007906.2,816.644491152801
fuso1,fuso,DYNLRB2,693.044243843188
fuso1,fuso,PLCG2,6940.37460116212
fuso1,fuso,FAM92B,619.104810184759
fuso1,fuso,LINC02166,125.807394582999
fuso1,fuso,TEKT1,445.843749223962
fuso1,fuso,LRRC75A,72.8358600217363
fuso1,fuso,DRC3,254.925510076077
fuso1,fuso,B9D1,206.368270061586
fuso1,fuso,AC087393.2,2.20714727338595
fuso1,fuso,LYRM9,34.2107827374822
fuso1,fuso,OMG,722.840732033898
fuso1,fuso,CCL15,254.925510076077
fuso1,fuso,CAVIN1,24.2786200072454
fuso1,fuso,NGFR,20.9678990971665
fuso1,fuso,AC015813.8,24.2786200072454
fuso1,fuso,LPO,3.31072091007892
fuso1,fuso,SMIM5,65.1108445648855
fuso1,fuso,MTCL1,13.2428836403157
fuso1,fuso,DSC3,38.6250772842541
fuso1,fuso,DSG3,15.4500309137016
fuso1,fuso,PARD6G-AS1,78.3537282052012
fuso1,fuso,AC005523.1,16.5536045503946
fuso1,fuso,PEX11G,28.6929145540173
fuso1,fuso,FBXW9,180.986076417648
fuso1,fuso,MISP3,67.3179918382714
fuso1,fuso,CRLF1,32.0036354640963
fuso1,fuso,IL4I1,1.10357363669297
fuso1,fuso,AC010624.1,22.0714727338595
fuso1,fuso,AC010624.5,47.4536663777979
fuso1,fuso,TMEM238,15.4500309137016
fuso1,fuso,AL121899.1,89.3894645721309
fuso1,fuso,SPEF1,219.611153701902
fuso1,fuso,RALY-AS1,32.0036354640963
fuso1,fuso,WFDC6,27.5893409173244
fuso1,fuso,EPPIN,39.7286509209471
fuso1,fuso,C20orf85,2131.00069245413
fuso1,fuso,LKAAEAR1,56.2822554713417
fuso1,fuso,FAM3B,25.3821936439384
fuso1,fuso,UMODL1-AS1,20.9678990971665
fuso1,fuso,RSPH14,68.4215654749644
fuso1,fuso,Z95115.1,19.8643254604735
fuso1,fuso,AC004832.1,101.528774575754
fuso1,fuso,RIBC2,231.750463705525
fuso1,fuso,LINC01589,16.5536045503946
fuso1,fuso,SYCE3,18.7607518237806
fuso1,fuso,FAM104B,192.021812784578
fuso1,fuso,SLC16A2,27.5893409173244
fuso1,fuso,PIH1D3,130.221689129771
fuso1,fuso,AKAP14,460.19020650097
fuso1,fuso,AC244090.1,251.614789165998
fuso2,fuso,C1orf158,56.2361942354775
fuso2,fuso,RCAN3AS,15.8164296287281
fuso2,fuso,ZSCAN20,3.51476213971734
fuso2,fuso,POU3F1,31.6328592574561
fuso2,fuso,FAM183A,666.047425476437
fuso2,fuso,TCTEX1D4,195.069298754313
fuso2,fuso,AL358075.2,17.5738106985867
fuso2,fuso,C1orf87,47.4492888861842
fuso2,fuso,TCTEX1D1,107.200245261379
fuso2,fuso,C1orf141,52.7214320957602
fuso2,fuso,C1orf194,1133.51079005884
fuso2,fuso,PIFO,892.749583488206
fuso2,fuso,TSPAN2,22.8459539081627
fuso2,fuso,LINC01765,45.6919078163255
fuso2,fuso,RIIAD1,173.980725916009
fuso2,fuso,C1orf189,65.0230995847709
fuso2,fuso,AL451085.1,24.6033349780214
fuso2,fuso,PPOX,52.7214320957602
fuso2,fuso,CFAP126,263.607160478801
fuso2,fuso,HSPA6,720.526238642056
fuso2,fuso,ANKRD45,43.9345267464668
fuso2,fuso,APOBEC4,22.8459539081627
fuso2,fuso,NIBAN1,231.974301221345
fuso2,fuso,LINC00467,68.5378617244882
fuso2,fuso,NEK2,19.3311917684454
fuso2,fuso,AC096637.2,22.8459539081627
fuso2,fuso,SPATA17,138.833104518835
fuso2,fuso,CNIH3,26.3607160478801
fuso2,fuso,ACBD3-AS1,114.229769540814
fuso2,fuso,PTRHD1,151.134772007846
fuso2,fuso,FAM166C,14.0590485588694
fuso2,fuso,CCDC121,57.9935753053362
fuso2,fuso,CYP1B1,152.892153077705
fuso2,fuso,C2orf73,84.3542913532163
fuso2,fuso,WDR54,314.571211504702
fuso2,fuso,DNAH6,214.400490522758
fuso2,fuso,TEKT4,57.9935753053362
fuso2,fuso,ECRG4,131.8035802394
fuso2,fuso,NPHP1,277.66620903767
fuso2,fuso,AC104653.1,17.5738106985867
fuso2,fuso,NEB,5.27214320957602
fuso2,fuso,AC013264.1,212.643109452899
fuso2,fuso,AC006994.2,54.4788131656188
fuso2,fuso,CATIP,66.7804806546296
fuso2,fuso,LINC02832,10.544286419152
fuso2,fuso,HDAC4-AS1,22.8459539081627
fuso2,fuso,SRGAP3-AS2,115.987150610672
fuso2,fuso,NDUFAF3,404.197646067495
fuso2,fuso,DNAH12,344.4466896923
fuso2,fuso,SNTN,560.604561284916
fuso2,fuso,AC079848.2,8.78690534929336
fuso2,fuso,CFAP100,84.3542913532163
fuso2,fuso,DZIP1L,100.170720981944
fuso2,fuso,ERICH6-AS1,28.1180971177388
fuso2,fuso,WDR49,117.744531680531
fuso2,fuso,LRRC34,110.715007401096
fuso2,fuso,LINC01014,19.3311917684454
fuso2,fuso,HES1,528.97170202746
fuso2,fuso,LINC02265,17.5738106985867
fuso2,fuso,CFAP299,87.8690534929336
fuso2,fuso,AC098487.1,10.544286419152
fuso2,fuso,NUDT6,24.6033349780214
fuso2,fuso,LINC01091,7.02952427943469
fuso2,fuso,PLK4,12.3016674890107
fuso2,fuso,SPATA4,29.8754781875974
fuso2,fuso,TRIP13,42.1771456766081
fuso2,fuso,CAPSL,449.88955388382
fuso2,fuso,CDC20B,35.1476213971735
fuso2,fuso,PART1,14.0590485588694
fuso2,fuso,CENPK,17.5738106985867
fuso2,fuso,FAM169A,7.02952427943469
fuso2,fuso,ZNF474,47.4492888861842
fuso2,fuso,AC010255.3,14.0590485588694
fuso2,fuso,NME5,212.643109452899
fuso2,fuso,C6orf52,36.9050024670321
fuso2,fuso,AL022068.1,49.2066699560428
fuso2,fuso,LINC00240,47.4492888861842
fuso2,fuso,ZSCAN16-AS1,59.7509563751949
fuso2,fuso,HCG14,7.02952427943469
fuso2,fuso,HSPA1A,4342.48862362078
fuso2,fuso,C6orf226,63.2657185149122
fuso2,fuso,RSPH9,286.453114386964
fuso2,fuso,SPATS1,42.1771456766081
fuso2,fuso,GSTA1,1495.53129044973
fuso2,fuso,IRAK1BP1,47.4492888861842
fuso2,fuso,BACH2,7.02952427943469
fuso2,fuso,FAM229B,458.676459233114
fuso2,fuso,LINC00326,3.51476213971734
fuso2,fuso,ADGB,130.046199169542
fuso2,fuso,AL355312.4,21.0885728383041
fuso2,fuso,DYNLT1,1555.28224682493
fuso2,fuso,AC013470.2,22.8459539081627
fuso2,fuso,PCLO,98.4133399120857
fuso2,fuso,AC002451.1,8.78690534929336
fuso2,fuso,AC105446.1,22.8459539081627
fuso2,fuso,EFCAB10,203.856204103606
fuso2,fuso,IQUB,140.590485588694
fuso2,fuso,AC006333.2,29.8754781875974
fuso2,fuso,PIP,123.016674890107
fuso2,fuso,RARRES2,128.288818099683
fuso2,fuso,PPP1R42,73.8100049340642
fuso2,fuso,AP001207.3,24.6033349780214
fuso2,fuso,BAALC,35.1476213971735
fuso2,fuso,C9orf24,1021.03840158789
fuso2,fuso,FAM166B,65.0230995847709
fuso2,fuso,SPAG8,66.7804806546296
fuso2,fuso,AL353770.4,12.3016674890107
fuso2,fuso,C9orf135,405.955027137353
fuso2,fuso,PSAT1,226.702158011769
fuso2,fuso,MORN5,427.043599975657
fuso2,fuso,SPACA9,149.377390937987
fuso2,fuso,C9orf116,782.034576087109
fuso2,fuso,SFTA1P,8.78690534929336
fuso2,fuso,VIM-AS1,8.78690534929336
fuso2,fuso,SLC16A9,114.229769540814
fuso2,fuso,MRLN,17.5738106985867
fuso2,fuso,ANK3-DT,12.3016674890107
fuso2,fuso,CDK1,15.8164296287281
fuso2,fuso,CABCOCO1,121.259293820248
fuso2,fuso,DYDC2,186.282393405019
fuso2,fuso,ANKRD22,52.7214320957602
fuso2,fuso,INA,33.3902403273148
fuso2,fuso,CASC2,59.7509563751949
fuso2,fuso,CDKN1C,181.010250195443
fuso2,fuso,C11orf16,28.1180971177388
fuso2,fuso,C11orf74,165.193820566715
fuso2,fuso,MAJIN,14.0590485588694
fuso2,fuso,CNIH2,15.8164296287281
fuso2,fuso,KLHL35,7.02952427943469
fuso2,fuso,CCDC81,24.6033349780214
fuso2,fuso,DEUP1,12.3016674890107
fuso2,fuso,C11orf97,203.856204103606
fuso2,fuso,CFAP300,221.430014802193
fuso2,fuso,AP003307.1,19.3311917684454
fuso2,fuso,AP002008.4,12.3016674890107
fuso2,fuso,C11orf88,418.256694626364
fuso2,fuso,PIH1D2,119.50191275039
fuso2,fuso,CCDC153,247.790730850073
fuso2,fuso,SPA17,428.800981045516
fuso2,fuso,TP53AIP1,17.5738106985867
fuso2,fuso,MIR200CHG,91.383815632651
fuso2,fuso,ST8SIA1,8.78690534929336
fuso2,fuso,AC023157.3,59.7509563751949
fuso2,fuso,PRICKLE1,8.78690534929336
fuso2,fuso,AC008035.1,12.3016674890107
fuso2,fuso,CCDC65,151.134772007846
fuso2,fuso,GIHCG,144.105247728411
fuso2,fuso,TSPAN19,203.856204103606
fuso2,fuso,CFAP73,170.465963776291
fuso2,fuso,TEX26,105.44286419152
fuso2,fuso,KCNRG,24.6033349780214
fuso2,fuso,LMO7-AS1,14.0590485588694
fuso2,fuso,AL096870.8,15.8164296287281
fuso2,fuso,LINC02300,26.3607160478801
fuso2,fuso,AL136038.5,40.4197646067495
fuso2,fuso,PPP1R36,26.3607160478801
fuso2,fuso,ACYP1,137.075723448976
fuso2,fuso,FOS,479.765032071418
fuso2,fuso,AL357093.2,404.197646067495
fuso2,fuso,CRIP1,1015.76625837831
fuso2,fuso,LINC02345,22.8459539081627
fuso2,fuso,DNAAF4,226.702158011769
fuso2,fuso,MNS1,340.931927552582
fuso2,fuso,AC027237.3,22.8459539081627
fuso2,fuso,AC023300.2,31.6328592574561
fuso2,fuso,CFAP161,26.3607160478801
fuso2,fuso,WDR93,26.3607160478801
fuso2,fuso,NHLRC4,28.1180971177388
fuso2,fuso,AC108134.4,66.7804806546296
fuso2,fuso,SMIM22,792.578862506261
fuso2,fuso,AC099518.4,14.0590485588694
fuso2,fuso,LINC01571,14.0590485588694
fuso2,fuso,AC007906.2,492.066699560428
fuso2,fuso,DYNLRB2,414.741932486647
fuso2,fuso,PLCG2,4490.10863348891
fuso2,fuso,FAM92B,384.866454299049
fuso2,fuso,LINC02166,77.3247670737816
fuso2,fuso,TEKT1,253.062874059649
fuso2,fuso,LRRC75A,35.1476213971735
fuso2,fuso,DRC3,110.715007401096
fuso2,fuso,B9D1,100.170720981944
fuso2,fuso,AC087393.2,0
fuso2,fuso,LYRM9,22.8459539081627
fuso2,fuso,OMG,309.299068295126
fuso2,fuso,CCL15,121.259293820248
fuso2,fuso,CAVIN1,40.4197646067495
fuso2,fuso,NGFR,49.2066699560428
fuso2,fuso,AC015813.8,5.27214320957602
fuso2,fuso,LPO,3.51476213971734
fuso2,fuso,SMIM5,52.7214320957602
fuso2,fuso,MTCL1,15.8164296287281
fuso2,fuso,DSC3,45.6919078163255
fuso2,fuso,DSG3,38.6623835368908
fuso2,fuso,PARD6G-AS1,70.2952427943469
fuso2,fuso,AC005523.1,10.544286419152
fuso2,fuso,PEX11G,19.3311917684454
fuso2,fuso,FBXW9,87.8690534929336
fuso2,fuso,MISP3,75.5673860039229
fuso2,fuso,CRLF1,38.6623835368908
fuso2,fuso,IL4I1,10.544286419152
fuso2,fuso,AC010624.1,7.02952427943469
fuso2,fuso,AC010624.5,8.78690534929336
fuso2,fuso,TMEM238,45.6919078163255
fuso2,fuso,AL121899.1,50.9640510259015
fuso2,fuso,SPEF1,119.50191275039
fuso2,fuso,RALY-AS1,22.8459539081627
fuso2,fuso,WFDC6,8.78690534929336
fuso2,fuso,EPPIN,21.0885728383041
fuso2,fuso,C20orf85,1133.51079005884
fuso2,fuso,LKAAEAR1,28.1180971177388
fuso2,fuso,FAM3B,10.544286419152
fuso2,fuso,UMODL1-AS1,10.544286419152
fuso2,fuso,RSPH14,26.3607160478801
fuso2,fuso,Z95115.1,14.0590485588694
fuso2,fuso,AC004832.1,45.6919078163255
fuso2,fuso,RIBC2,140.590485588694
fuso2,fuso,LINC01589,28.1180971177388
fuso2,fuso,SYCE3,10.544286419152
fuso2,fuso,FAM104B,114.229769540814
fuso2,fuso,SLC16A2,22.8459539081627
fuso2,fuso,PIH1D3,77.3247670737816
fuso2,fuso,AKAP14,249.548111919932
fuso2,fuso,AC244090.1,107.200245261379
fuso3,fuso,C1orf158,83.180148646457
fuso3,fuso,RCAN3AS,33.6567075448092
fuso3,fuso,ZSCAN20,6.73134150896184
fuso3,fuso,POU3F1,14.9051133412726
fuso3,fuso,FAM183A,1392.42607213954
fuso3,fuso,TCTEX1D4,281.273913053048
fuso3,fuso,AL358075.2,19.7132144191025
fuso3,fuso,C1orf87,68.2750353051844
fuso3,fuso,TCTEX1D1,182.707840957536
fuso3,fuso,C1orf141,82.6993385386741
fuso3,fuso,C1orf194,2348.27656641212
fuso3,fuso,PIFO,1611.1946711808
fuso3,fuso,TSPAN2,29.3294165747623
fuso3,fuso,LINC01765,86.065009293155
fuso3,fuso,RIIAD1,441.383678944784
fuso3,fuso,C1orf189,111.547945005653
fuso3,fuso,AL451085.1,13.4626830179237
fuso3,fuso,PPOX,133.184399855888
fuso3,fuso,CFAP126,422.632084741247
fuso3,fuso,HSPA6,927.482697913385
fuso3,fuso,ANKRD45,60.5820735806566
fuso3,fuso,APOBEC4,29.8102266825453
fuso3,fuso,NIBAN1,162.994626538433
fuso3,fuso,LINC00467,131.261159424756
fuso3,fuso,NEK2,11.0586324790087
fuso3,fuso,AC096637.2,40.868859161554
fuso3,fuso,SPATA17,239.924243783711
fuso3,fuso,CNIH3,54.8123522872607
fuso3,fuso,ACBD3-AS1,251.463686370503
fuso3,fuso,PTRHD1,251.463686370503
fuso3,fuso,FAM166C,17.7899739879706
fuso3,fuso,CCDC121,36.5415681915071
fuso3,fuso,CYP1B1,146.647082873812
fuso3,fuso,C2orf73,161.552196215084
fuso3,fuso,WDR54,576.491319231803
fuso3,fuso,DNAH6,194.247283544327
fuso3,fuso,TEKT4,84.622578969806
fuso3,fuso,ECRG4,438.498818298086
fuso3,fuso,NPHP1,362.530821268373
fuso3,fuso,AC104653.1,23.5596952813664
fuso3,fuso,NEB,4.80810107782989
fuso3,fuso,AC013264.1,457.731222609405
fuso3,fuso,AC006994.2,45.1961501316009
fuso3,fuso,CATIP,87.026629508721
fuso3,fuso,LINC02832,16.8283537724046
fuso3,fuso,HDAC4-AS1,33.1758974370262
fuso3,fuso,SRGAP3-AS2,193.285663328761
fuso3,fuso,NDUFAF3,510.620334465534
fuso3,fuso,DNAH12,346.183277603752
fuso3,fuso,SNTN,1005.85474548201
fuso3,fuso,AC079848.2,8.6545819400938
fuso3,fuso,CFAP100,92.3155406943338
fuso3,fuso,DZIP1L,72.6023262752313
fuso3,fuso,ERICH6-AS1,83.180148646457
fuso3,fuso,WDR49,84.141768862023
fuso3,fuso,LRRC34,104.816603496692
fuso3,fuso,LINC01014,32.2142772214602
fuso3,fuso,HES1,623.610709794536
fuso3,fuso,LINC02265,32.2142772214602
fuso3,fuso,CFAP299,167.802727616263
fuso3,fuso,AC098487.1,37.0223782992901
fuso3,fuso,NUDT6,26.9253660358474
fuso3,fuso,LINC01091,12.5010628023577
fuso3,fuso,PLK4,2.88486064669793
fuso3,fuso,SPATA4,70.1982757363163
fuso3,fuso,TRIP13,75.4871869219292
fuso3,fuso,CAPSL,889.979509506312
fuso3,fuso,CDC20B,12.5010628023577
fuso3,fuso,PART1,25.0021256047154
fuso3,fuso,CENPK,35.5799479759412
fuso3,fuso,FAM169A,19.7132144191025
fuso3,fuso,ZNF474,40.388049053771
fuso3,fuso,AC010255.3,19.2324043113195
fuso3,fuso,NME5,456.769602393839
fuso3,fuso,C6orf52,114.913615760134
fuso3,fuso,AL022068.1,82.2185284308911
fuso3,fuso,LINC00240,87.9882497242869
fuso3,fuso,ZSCAN16-AS1,80.7760981075421
fuso3,fuso,HCG14,17.7899739879706
fuso3,fuso,HSPA1A,6701.5312822793
fuso3,fuso,C6orf226,76.4488071374952
fuso3,fuso,RSPH9,575.529699016237
fuso3,fuso,SPATS1,32.2142772214602
fuso3,fuso,GSTA1,2269.90451884349
fuso3,fuso,IRAK1BP1,41.83047937712
fuso3,fuso,BACH2,14.9051133412726
fuso3,fuso,FAM229B,1118.84512081101
fuso3,fuso,LINC00326,19.2324043113195
fuso3,fuso,ADGB,116.836856191266
fuso3,fuso,AL355312.4,22.5980750658005
fuso3,fuso,DYNLT1,3471.92978830096
fuso3,fuso,AC013470.2,22.1172649580175
fuso3,fuso,PCLO,70.1982757363163
fuso3,fuso,AC002451.1,10.5778223712258
fuso3,fuso,AC105446.1,52.4083017483458
fuso3,fuso,EFCAB10,306.756848765547
fuso3,fuso,IQUB,162.033006322867
fuso3,fuso,AC006333.2,40.388049053771
fuso3,fuso,PIP,408.207781507757
fuso3,fuso,RARRES2,381.763225579693
fuso3,fuso,PPP1R42,198.093764406591
fuso3,fuso,AP001207.3,43.753719808252
fuso3,fuso,BAALC,80.2952879997591
fuso3,fuso,C9orf24,2317.98552962179
fuso3,fuso,FAM166B,152.416804167207
fuso3,fuso,SPAG8,106.739843927823
fuso3,fuso,AL353770.4,17.7899739879706
fuso3,fuso,C9orf135,1145.77048684686
fuso3,fuso,PSAT1,211.075637316732
fuso3,fuso,MORN5,806.799360859855
fuso3,fuso,SPACA9,248.098015616022
fuso3,fuso,C9orf116,1443.39194356453
fuso3,fuso,SFTA1P,12.0202526945747
fuso3,fuso,VIM-AS1,26.9253660358474
fuso3,fuso,SLC16A9,66.8326049818354
fuso3,fuso,MRLN,69.7174656285334
fuso3,fuso,ANK3-DT,12.5010628023577
fuso3,fuso,CDK1,11.0586324790087
fuso3,fuso,CABCOCO1,229.346421412486
fuso3,fuso,DYDC2,329.354923831347
fuso3,fuso,ANKRD22,38.4648086226391
fuso3,fuso,INA,35.0991378681582
fuso3,fuso,CASC2,61.5436937962225
fuso3,fuso,CDKN1C,245.693965077107
fuso3,fuso,C11orf16,58.1780230417416
fuso3,fuso,C11orf74,350.029758466016
fuso3,fuso,MAJIN,14.4243032334897
fuso3,fuso,CNIH2,31.2526570058943
fuso3,fuso,KLHL35,1.44243032334897
fuso3,fuso,CCDC81,22.5980750658005
fuso3,fuso,DEUP1,25.4829357124984
fuso3,fuso,C11orf97,411.573452262238
fuso3,fuso,CFAP300,420.228034202332
fuso3,fuso,AP003307.1,17.3091638801876
fuso3,fuso,AP002008.4,17.7899739879706
fuso3,fuso,C11orf88,893.825990368576
fuso3,fuso,PIH1D2,151.455183951641
fuso3,fuso,CCDC153,489.464689723082
fuso3,fuso,SPA17,843.340929051362
fuso3,fuso,TP53AIP1,34.1375176525922
fuso3,fuso,MIR200CHG,99.5276923110787
fuso3,fuso,ST8SIA1,21.6364548502345
fuso3,fuso,AC023157.3,33.6567075448092
fuso3,fuso,PRICKLE1,16.3475436646216
fuso3,fuso,AC008035.1,27.8869862514133
fuso3,fuso,CCDC65,163.475436646216
fuso3,fuso,GIHCG,238.481813460362
fuso3,fuso,TSPAN19,527.448688237939
fuso3,fuso,CFAP73,324.546822753517
fuso3,fuso,TEX26,216.364548502345
fuso3,fuso,KCNRG,65.3901746584865
fuso3,fuso,LMO7-AS1,32.2142772214602
fuso3,fuso,AL096870.8,25.4829357124984
fuso3,fuso,LINC02300,30.7718468981113
fuso3,fuso,AL136038.5,35.0991378681582
fuso3,fuso,PPP1R36,27.8869862514133
fuso3,fuso,ACYP1,281.273913053048
fuso3,fuso,FOS,465.424184333933
fuso3,fuso,AL357093.2,1083.26517283507
fuso3,fuso,CRIP1,3081.99279088896
fuso3,fuso,LINC02345,39.9072389459881
fuso3,fuso,DNAAF4,386.09051654974
fuso3,fuso,MNS1,514.466815327798
fuso3,fuso,AC027237.3,47.1193905627329
fuso3,fuso,AC023300.2,98.0852619877297
fuso3,fuso,CFAP161,50.9658714249968
fuso3,fuso,WDR93,40.388049053771
fuso3,fuso,NHLRC4,63.4669342273545
fuso3,fuso,AC108134.4,119.721716837964
fuso3,fuso,SMIM22,1512.62859908528
fuso3,fuso,AC099518.4,25.4829357124984
fuso3,fuso,LINC01571,70.6790858440993
fuso3,fuso,AC007906.2,695.732225961985
fuso3,fuso,DYNLRB2,1026.0487700089
fuso3,fuso,PLCG2,1699.66373101286
fuso3,fuso,FAM92B,656.30579712378
fuso3,fuso,LINC02166,105.778223712258
fuso3,fuso,TEKT1,410.131021938889
fuso3,fuso,LRRC75A,44.7153400238179
fuso3,fuso,DRC3,163.956246753999
fuso3,fuso,B9D1,206.748346346685
fuso3,fuso,AC087393.2,2.40405053891494
fuso3,fuso,LYRM9,29.8102266825453
fuso3,fuso,OMG,925.07864737447
fuso3,fuso,CCL15,357.722720190544
fuso3,fuso,CAVIN1,27.8869862514133
fuso3,fuso,NGFR,18.2707840957536
fuso3,fuso,AC015813.8,22.1172649580175
fuso3,fuso,LPO,4.80810107782989
fuso3,fuso,SMIM5,82.2185284308911
fuso3,fuso,MTCL1,11.5394425867917
fuso3,fuso,DSC3,44.7153400238179
fuso3,fuso,DSG3,33.6567075448092
fuso3,fuso,PARD6G-AS1,52.4083017483458
fuso3,fuso,AC005523.1,14.9051133412726
fuso3,fuso,PEX11G,35.0991378681582
fuso3,fuso,FBXW9,159.628955783952
fuso3,fuso,MISP3,88.4690598320699
fuso3,fuso,CRLF1,65.3901746584865
fuso3,fuso,IL4I1,2.88486064669793
fuso3,fuso,AC010624.1,18.2707840957536
fuso3,fuso,AC010624.5,5.28891118561288
fuso3,fuso,TMEM238,232.231282059184
fuso3,fuso,AL121899.1,108.182274251172
fuso3,fuso,SPEF1,176.93811966414
fuso3,fuso,RALY-AS1,20.1940245268855
fuso3,fuso,WFDC6,21.6364548502345
fuso3,fuso,EPPIN,32.6950873292432
fuso3,fuso,C20orf85,2748.31057608756
fuso3,fuso,LKAAEAR1,64.9093645507035
fuso3,fuso,FAM3B,22.1172649580175
fuso3,fuso,UMODL1-AS1,18.7515942035366
fuso3,fuso,RSPH14,50.4850613172138
fuso3,fuso,Z95115.1,14.9051133412726
fuso3,fuso,AC004832.1,96.6428316643807
fuso3,fuso,RIBC2,144.243032334897
fuso3,fuso,LINC01589,26.9253660358474
fuso3,fuso,SYCE3,16.3475436646216
fuso3,fuso,FAM104B,223.095890011307
fuso3,fuso,SLC16A2,23.0788851735835
fuso3,fuso,PIH1D3,147.127892981595
fuso3,fuso,AKAP14,496.676841339827
fuso3,fuso,AC244090.1,243.770724645975
